"rt","ions"
300.13,23084571.7119751
300.481,30720466.8131104
300.794,52200231.9855957
302.193,52302145.6777344
303.37,43765296.2197266
303.685,49557970.557373
304.003,47074342.5854492
304.322,45779879.3690186
304.717,44021623.144165
305.218,51180050.0793457
305.832,49709707.3662109
306.148,50500678.416748
306.466,49036217.2026367
306.858,47362836.9289551
307.176,46645630.2800293
307.495,46724971.5246582
307.813,45497976.8417969
308.13,47969828.5512695
308.449,43407189.385498
308.766,45400961.6433105
309.085,43783267.9547119
309.404,45737162.1323242
309.797,43617823.1035156
310.301,43988747.2390137
310.622,44255401.2478027
310.94,45850648.1281738
311.258,48282014.3291016
311.576,45921963.4394531
311.892,48943597.6337891
312.286,48257656.4958496
312.605,44382472.0678711
312.922,48991320.4628906
313.239,47960432.6975098
313.558,45798534.2265625
313.878,45928891.2476807
314.198,36019620.9407959
314.517,43457471.854248
314.83,47983982.0124512
315.15,43883509.4506836
315.465,46905681.9018555
315.784,46254804.5476074
316.175,42425572.4943848
316.494,45737918.9335938
316.814,44870394.7526855
317.131,46422182.4753418
317.449,47131189.9296875
317.839,51214908.0576172
318.233,45840685.8813477
318.554,44199816.8865967
318.869,49051552.6442871
319.262,46127330.3681641
319.58,47845792.1035156
319.898,45499919.0625
320.214,48567611.8759766
320.535,43131055.1829834
320.855,44239408.857666
321.246,44442545.5983887
321.637,48029317.6374512
322.254,45110129.5617676
322.982,44866183.5871582
323.934,43643646.9875488
324.545,51514095.0144043
324.942,46390737.0029297
325.332,49923045.2524414
325.724,49943914.1635742
326.116,47096224.9577637
326.513,43669189.546875
326.905,48915800.9067383
327.221,49101139.2163086
327.539,46803302.3671875
327.858,45920394.0588379
328.175,46050173.9848633
328.567,47652329.0048828
328.886,47439594.2631836
329.205,48280319.3085938
329.596,50447696.3120117
329.912,48349669.9316406
330.23,45703078.8659668
330.548,46079121.512207
330.866,44646788.4482422
331.184,45300401.9943848
331.502,48586046.3833008
331.819,46726073.2426758
332.137,46196815.3376465
332.451,46839477.1691895
332.77,43813139.4753418
333.162,44615628.8215332
333.481,43961326.4929199
333.804,42837321.7017822
334.123,44205988.6274414
334.443,43842413.5751953
334.761,44632883.2441406
335.153,41989087.6638184
335.472,45085943.776123
335.866,46705171.1918945
336.183,45600912.6589355
336.499,45690788.0148926
336.892,49187052.5820312
337.209,49650978.8686523
337.526,49202510.9815674
337.843,49294424.6501465
338.158,48732300.5708008
338.477,47405212.0891113
338.795,45492503.5305176
339.19,46297777.378418
339.505,48784925.1950684
339.823,42357146.612793
340.142,42467936.4870605
340.462,44003878.4450684
340.78,46349129.1654053
341.1,46714996.9014893
341.419,42703951.0664062
341.811,47025085.6416016
342.316,44849930.8295898
342.822,46401536.2233887
343.436,50346440.2045898
344.051,46184555.4980469
344.667,47514324.3999023
345.171,46382682.5771484
345.488,45872927.5732422
345.806,32449699.9830322
346.117,45510123.3237305
346.623,48198798.1606445
347.016,47348468.0247803
347.333,47084681.8520508
347.651,46483217.5876465
347.971,46013359.6903076
348.291,45909570.9036865
348.607,46365695.4084473
348.926,46908329.0114746
349.43,47516540.5090332
349.748,45837408.5947266
350.067,45316333.7381592
350.461,46207251.934082
350.78,44960779.1889648
351.284,45310270.1860352
351.603,44717802.7437744
351.919,46610699.751709
352.315,47928312.6855469
352.708,47532339.1035156
353.029,44269181.7730713
353.346,48546666.3740234
353.664,47436672.6899414
353.982,47949514.0803223
354.299,46983701.5043945
354.615,50228134.333252
354.933,49035366.8378906
355.323,50349435.6657715
355.639,50653274.5883789
355.956,51137275.1135254
356.35,46734130.5900879
356.667,45625861.4899902
356.986,48055927.7072754
357.303,48527007.9399414
357.62,47870834.0761719
357.939,45115800.5910645
358.259,43160409.8175049
358.577,45388349.9916992
359.084,43990820.7547607
359.403,47545036.1811523
359.721,45801768.1296387
360.04,42730774.3919678
360.357,45332392.8205566
360.675,46939891.6005859
360.992,47865267.8652344
361.31,46742535.1083984
361.815,47875749.6835938
362.206,45585488.0222168
362.712,43912637.1346436
363.105,46085793.904541
363.613,44348178.1650391
364.23,39254331.1003418
364.957,43927270.6218262
365.573,44626755.3306885
365.968,45540086.6203613
366.287,45768767.8789062
366.608,42679658.7614746
367.001,46167372.8282471
367.317,47776312.6779785
367.636,47349507.6230469
367.954,46386720.90625
368.347,40412236.4904785
368.664,45670439.013916
368.98,47445749.6843262
369.296,47822338.1364746
369.614,46857616.6945801
370.007,46907579.0275879
370.325,48832310.4787598
370.641,49774605.2041016
370.957,52879390.364502
371.271,55658610.9995117
371.59,46184631.9729004
371.983,43104455.3513184
372.301,45976397.7277832
372.617,46746980.5983887
372.935,45328803.6281738
373.256,45533780.1036377
373.574,48125317.9616699
373.893,46016895.2390137
374.288,44339742.6448975
374.68,45741185.5996094
375,44269696.0944824
375.316,46342477.6123047
375.71,46342083.1755371
376.102,46876792.4963379
376.419,47684459.6051025
376.737,47623923.2138672
377.055,49619091.0065918
377.372,47960829.9516602
377.687,49947313.3649902
378.003,52977017.4189453
378.319,52297489.5446777
378.633,52280902.3317871
378.947,53802518.5805664
379.265,50595121.8259277
379.582,47509203.3430176
380.087,47514368.3747559
380.406,51636247.6159668
380.722,47975509.0422363
381.118,45197376.3238525
381.436,47521628.9377441
381.754,47622405.8745117
382.073,45286514.2285156
382.391,45230415.4399414
382.787,47452795.2019043
383.406,47456684.5837402
383.911,47510937.4296875
384.525,55632795.4912109
385.251,47898400.2363281
385.757,47729176.0756836
386.374,45171575.3085938
386.691,47651608.7045898
387.007,49639448.7956543
387.512,45625279.1293945
387.833,44726171.2668457
388.153,46789357.1734619
388.545,48304769.626709
388.862,45080498.2331543
389.182,43617764.3688965
389.503,46908915.6448975
389.82,47233347.1455078
390.209,49596225.9326172
390.523,47686972.3220215
390.841,46354308.0554199
391.234,47731709.0754395
391.552,47095969.8293457
391.945,46178953.6911621
392.255,48076775.7580566
392.579,44343062.0308838
392.895,49177043.3032227
393.289,45834603.5170898
393.606,47065871.5922852
393.924,46129201.6013184
394.244,46803532.1307373
394.561,45914529.4399414
394.877,46372235.8374023
395.194,47131595.3193359
395.815,42620035.9029541
396.131,47374235.0895996
396.448,48617750.2854004
396.765,47608985.4128418
397.385,45548587.4656982
397.702,48304095.2932129
398.022,45711085.6296387
398.528,44648984.5688477
398.847,46767789.1945801
399.163,49552437.4516602
399.473,51947499.1181641
399.866,53461191.4807129
400.183,51246481.6560059
400.497,58667542.151123
400.817,46523581.3039551
401.134,50813261.0141602
401.45,51006992.7141113
401.766,52723805.2871094
402.157,52062582.036377
402.474,49339648.1552734
402.795,49378204.416748
403.111,50422298.5698242
403.616,50609899.6901855
404.231,51134775.029541
404.735,53455735.2424316
405.35,53316408.9084473
406.074,52652059.4108887
406.466,52556762.4489746
407.085,48269664.9846191
407.403,45960489.9205322
407.91,44968529.6394043
408.229,46776921.8901367
408.547,48071976.2185059
408.864,50088463.7443848
409.367,48847068.6806641
409.684,52967107.7910156
409.999,51728584.3261719
410.317,48864947.3691406
410.709,49439585.9317627
411.027,51655993.4362793
411.531,49973342.2263184
411.847,50222411.6835938
412.165,49373219.2358398
412.483,49636076.2199707
412.987,48759130.1054688
413.38,48145066.887207
413.772,50370062.4050293
414.088,51726092.7971191
414.404,49848389.3571777
414.723,49170502.451416
415.041,46744368.5488281
415.547,48469801.1633301
415.864,51001309.904541
416.181,49985615.5964355
416.684,47302816.6569824
416.989,53824368.0756836
417.31,49070335.7154541
417.628,49951694.9018555
417.946,50790404.2646484
418.338,46625209.2075195
418.655,47528210.1081543
418.973,48911068.6726074
419.289,49158498.8564453
419.608,48047690.4443359
419.926,50671881.8999023
420.242,51656841.4682617
420.559,50425382.9350586
420.875,50043684.5585938
421.193,45611909.3847656
421.512,46785422.484375
421.83,47730655.0407715
422.334,50106733.3757324
422.651,48115271.1904297
422.968,50129615.876709
423.287,51065651.7265625
423.605,47616039.9282227
424.109,48158315.1113281
424.617,44895030.6932373
425.121,47426038.3615723
425.625,51383017.0100098
426.129,51000439.5703125
426.523,48958265.3068848
427.026,51209938.2670898
427.528,52041748.7668457
427.845,50521258.3713379
428.162,47200741.7158203
428.778,48439100.8806152
429.094,48751668.6125488
429.413,49832886.0979004
429.732,47810873.3361816
430.05,49558365.3852539
430.372,43317598.4598389
430.69,46696561.3027344
431.084,45695766.3168945
431.401,49528289.6726074
431.795,45064340.998291
432.113,46603922.9775391
432.431,44169359.1806641
432.825,45361719.6818848
433.144,46212713.4592285
433.536,45355539.2314453
433.854,49546064.9138184
434.172,51651007.3840332
434.49,49812272.6904297
434.806,53178852.9816895
435.123,47354940.1716309
435.628,47633474.4155273
435.947,47622804.1975098
436.268,43840141.9978027
436.586,45987825.4179688
436.904,46953854.9013672
437.299,45080818.4936523
437.691,47299058.2141113
438.085,44394987.5706787
438.405,48462972.4821777
438.726,44057706.852417
439.119,46753756.5817871
439.436,50496357.4406738
439.757,47078897.0092773
440.073,52730536.7961426
440.456,54206947.9611816
440.776,49748810.8276367
441.091,52860693.4387207
441.483,49813188.5209961
441.799,50749460.0227051
442.119,47625952.7145996
442.511,48157348.4694824
442.828,47062294.1357422
443.556,48824308.0170898
443.875,46716631.833374
444.193,44690336.682373
444.586,49288154.1781006
445.089,46550559.9421387
445.932,47344802.5710449
446.547,46078895.079834
447.164,45163710.3789062
447.557,46484963.5324707
448.174,49292299.0742188
448.492,46793151.265625
448.887,46589165.1350098
449.503,49127984.6230469
449.812,50765858.795166
450.131,48884397.8691406
450.449,53139166.1542969
450.843,45930768.2091064
451.35,46995872.6453857
451.667,47177789.8098145
451.979,48995492.5222168
452.299,46253444.2333984
452.618,44828110.6323242
452.937,47059624.2788086
453.33,48504237.8186035
453.645,49810286.6203613
453.961,52899148.4328613
454.277,49596503.2753906
454.594,48093853.7041016
454.91,49717236.0576172
455.306,46377548.6079102
455.623,47164982.3210449
455.929,50991753.6518555
456.25,51890830.6843262
456.566,49392420.3708496
456.884,49864981.4807129
457.2,48220503.7304688
457.594,49739681.5671387
458.212,46637898.6622314
458.531,47239538.0964355
458.849,49522100.0905762
459.16,46029973.1491699
459.483,43611670.0412598
459.804,45172256.1820068
460.2,42981689.6912842
460.52,43098758.0531006
460.839,50165342.1080322
461.345,45009394.8444824
461.737,49995597.0834961
462.057,45889629.0661621
462.374,46760373.402832
462.692,46400570.845459
463.009,46679365.5783691
463.328,46019366.4970703
463.647,46221497.4711914
463.968,48353438.2841797
464.283,47826859.9584961
464.604,43990986.5799561
465.22,47988992.3544922
465.723,47971109.029541
466.228,60224363.097168
466.616,70707460.5751953
467.786,82474344.5109863
469.176,82672121.1853027
469.897,90427577.2077637
470.283,83931822.3825684
470.668,88694404.8066406
470.979,86654187.7224121
471.477,82060054.4570312
471.861,85816446.1171875
472.47,88966314.2104492
472.78,82609356.576416
473.093,84900415.9260254
473.816,82412583.8356934
474.127,80869057.0134277
474.438,79235665.8657227
474.749,83675595.2834473
475.251,83477322.3913574
475.561,88049327.2519531
475.873,87270258.9890137
476.258,82510727.5415039
476.568,85272508.1047363
476.882,76361909.8413086
477.194,80561479.1887207
477.691,85903481.7336426
478.077,82590215.0563965
478.387,90613336.5432129
478.697,85877600.0080566
479.082,90472170.0263672
479.468,85054915.1455078
479.778,80701386.1022949
480.089,90936425.043457
480.475,87192432.3356934
480.86,82180766.9238281
481.173,77557190.4138184
481.494,44503097.1556396
481.88,73265046.7854004
482.202,42425450.9605713
483.034,78105631.2407227
483.344,82676032.8132324
483.665,47381526.5567627
484.053,70589565.434082
484.376,45172979.7905273
485.098,75784848.4191895
485.485,78457348.9584961
485.994,42533676.2098389
486.603,74415705.0979004
486.992,72145973.5683594
487.603,83926703.4780273
488.438,85127558.5686035
489.384,86255089.3310547
490.103,85899232.9953613
490.713,78865515.3041992
491.025,82648031.4873047
491.337,77023393.293457
491.65,76067235.0778809
492.262,77014366.2473145
492.65,75841774.1533203
493.037,76141101.5861816
493.424,79844061.2497559
493.922,81446955.576416
494.31,77632637.4836426
494.621,81089591.8657227
494.935,77050313.6977539
495.247,86799318.6328125
495.559,78077749.9645996
496.169,77573683.9619141
496.481,77768530.171875
496.793,81926942.5839844
497.293,78445518.4221191
497.604,83060456.3010254
497.917,78082668.2407227
498.229,82873530.9594727
498.841,78316652.2900391
499.153,77101920.5568848
499.539,79628816.5803223
500.038,74325550.3986816
500.351,76334873.0595703
500.664,81662652.9824219
501.277,78403192.4238281
501.59,78835662.1469727
501.901,78903273.8286133
502.288,79589304.0773926
502.792,79565305.9787598
503.179,81939963.5427246
503.49,82249505.7126465
503.802,82889719.1569824
504.114,80065797.2717285
504.425,84385862.9365234
504.813,74467239.2888184
505.125,85467018.1115723
505.436,83606637.1896973
505.824,79717208.5432129
506.212,78921192.4926758
506.599,83548058.0705566
507.211,79732209.0651855
507.821,80268114.0410156
508.209,81872570.7597656
508.932,82409014.6083984
509.766,83814350.4047852
510.602,87312391.6242676
511.879,82606530.2175293
512.191,87369906.5100098
512.503,85802782.1188965
513.006,86193942.9794922
513.392,93347099.9528809
514.003,84318281.6362305
514.391,80574114.2119141
514.778,81788995.6767578
515.167,79854400.1706543
515.555,76613173.6318359
515.945,77301165.9921875
516.332,79966990.9733887
516.719,84661448.8776855
517.032,79410742.1696777
517.342,91360769.1831055
517.729,87428485.1357422
518.041,89010733.0244141
518.428,86242504.0180664
518.927,79302454.3884277
519.314,88538959.1035156
519.701,90286906.0583496
520.014,88731236.1147461
520.325,87207427.7890625
520.824,96406095.8798828
521.209,97023311.8366699
521.597,86449569.5026855
521.908,87422328.4453125
522.221,83959965.3830566
522.719,83756227.3208008
523.031,82653782.0024414
523.344,80108651.1838379
523.656,83720520.8447266
524.046,77431387.3417969
524.358,80070737.1796875
524.671,77751243.2937012
524.984,79593879.6416016
525.37,87260770.9868164
525.683,83825783.236084
525.995,85946305.9628906
526.383,83547853.3039551
526.882,84291300.3671875
527.269,81197691.5192871
527.581,77633419.4436035
527.97,82855066.5725098
528.582,74655521.088623
528.97,79925745.5695801
529.471,80718687.5410156
530.194,82775503.1472168
530.695,84004911.2016602
531.194,84364479.1640625
531.917,83305800.519043
532.64,81477976.7441406
532.952,84864305.2932129
533.264,79576704.6730957
533.651,85397582.5834961
534.152,79721136.3149414
534.875,78807003.9599609
535.263,82515075.3388672
535.985,80664165.1894531
536.298,80134763.2126465
536.799,85382791.557373
537.112,80970162.9951172
537.425,79873362.1252441
537.739,80002922.7912598
538.24,77020206.7470703
538.554,76006117.0830078
538.866,80247154.1057129
539.181,82822205.34375
539.494,82712487.9460449
539.995,78161623.8383789
540.308,81605617.6591797
540.621,76333792.1416016
541.012,76473376.8869629
541.513,82298430.5195312
542.016,76719181.9694824
542.404,82773431.8408203
542.793,83097276.3830566
543.18,83758547.5061035
543.493,88132869.9025879
543.805,91846414.3994141
544.117,90103732.2956543
544.504,82959202.1147461
544.893,79035657.9475098
545.206,83606285.6274414
545.518,82235084.1340332
546.018,80365200.378418
546.332,82078351.7116699
546.722,79396418.9172363
547.111,83621669.1816406
547.612,80329827.8132324
547.923,86153076.5351562
548.535,82614031.3120117
549.146,80832017.9887695
549.648,79678170.3811035
550.148,80739216.345459
550.646,89612490.3132324
551.146,97447150.7346191
551.532,96921882.7990723
551.919,95283073.9199219
552.64,85116509.5861816
553.254,74683425.7385254
553.567,76887202.4838867
553.881,73575963.0878906
554.268,87262378.5236816
554.657,79680919.5083008
555.155,85383189.6574707
555.656,80082314.7043457
555.969,82921155.6086426
556.283,78982698.467041
556.596,73269474.9711914
556.985,79069956.692627
557.297,84952946.890625
557.611,85029827.0424805
558,85432292.328125
558.313,82935201.7927246
558.626,84672615.9284668
558.938,86766290.2885742
559.325,93225516.2531738
559.714,84710039.0622559
560.102,87340930.8986816
560.602,86945444.1621094
560.917,80470290.0388184
561.23,87946162.4829102
561.841,81487828.5192871
562.23,80436447.3474121
562.733,79697661.2954102
563.046,85888723.9980469
563.358,85101442.5466309
563.974,76321752.0214844
564.286,86135142.0922852
564.598,82140424.416748
564.911,80834169.1105957
565.298,84203916.5874023
565.613,78646985.1887207
565.928,80544492.7214355
566.316,78979962.453125
566.703,84992626.8989258
567.203,83113206.1623535
567.592,83638177.6083984
568.092,82561428.0415039
568.479,83217860.9768066
568.878,42097216.7161865
569.276,47706068.0522461
570.117,46285027.006958
570.439,44414606.670166
570.759,44916703.0430908
571.6,63161310.2958984
572.558,43075965.2570801
572.955,42425876.392334
573.27,46221076.064209
574.008,23143461.3496094
574.405,40727347.2762451
574.708,20170862.8149414
575.049,34881396.1297607
575.779,41969441.5874023
576.518,21180714.5926514
576.843,37273733.7919922
577.166,38555400.3942871
577.494,36652494.0577393
577.898,36259805.3961182
578.301,35338542.6810303
578.705,36032582.3121338
579.033,39901226.6835938
579.361,35038695.1500244
580.1,37066471.9893799
580.426,37313033.1066895
580.755,36993416.9221191
581.081,36525403.1633301
581.41,35956346.883667
581.809,40273946.0174561
582.541,44437720.2061768
582.862,48149411.5822754
583.183,47870172.4238281
583.808,39786688.9818115
584.205,39171134.4353027
584.528,38880750.315918
584.855,38617517.8354492
585.182,38001776.2648926
585.583,36384895.6407471
585.907,34542505.6413574
586.236,34032304.024292
586.564,34532782.6359863
587.301,43028276.9847412
587.927,38353573.9672852
588.441,37916344.6939697
588.953,35863454.5462646
589.58,34697896.0837402
590.097,33354031.4189453
590.724,36459780.4862061
591.226,44133678.5119629
591.554,37758967.1442871
592.179,36866805.0518799
592.922,35236108.9858398
593.323,35218774.2613525
593.841,32852180.1582031
594.355,33316240.1899414
594.758,36797942.9675293
595.383,39992526.1611328
595.786,35345766.7156982
596.751,33610867.4304199
597.27,33290131.3511963
597.784,33617703.5882568
598.116,33536471.5974121
598.449,32959376.6237793
598.963,33719829.8669434
599.294,33303462.6009521
599.625,34472201.7279053
599.952,36725928.2711182
600.358,33017931.2839355
600.762,33816097.8649902
601.093,32261555.2080078
601.417,35269352.7091064
601.747,33983922.0402832
602.15,35281184.8591309
602.556,35705501.3074951
603.072,36948337.5545654
603.587,36392907.5419922
603.915,37693423.0457764
604.314,39118432.0465088
604.719,36739709.651123
605.121,36952886.9239502
605.64,35268003.8374023
606.154,34924082.8831787
606.481,37923429.5733643
606.81,34957845.918457
607.137,36368311.6408691
607.464,35771669.142334
607.785,43000201.1179199
608.186,42840460.6558838
608.926,38546774.5499268
609.664,36365860.1678467
609.992,36755534.6468506
610.394,35756991.713623
610.909,37238629.1109619
611.535,37508821.9818115
611.939,38473484.5151367
612.565,37251884.901123
612.968,38604774.5494385
613.37,37361223.1549072
613.885,38260360.1707764
614.208,42615575.8773193
614.721,39488685.5831299
615.345,39691922.2529297
615.669,43205273.0227051
615.992,41894437.7056885
616.731,37661470.7906494
617.056,37071332.7630615
617.375,38459781.2115479
617.889,38521434.9906006
618.217,37590564.6470947
618.544,42371049.8205566
618.872,35581085.2540283
619.389,35711002.3469238
619.79,36863866.5026855
620.306,37944191.90271
620.928,40175001.6300049
621.253,39406428.2156982
621.579,38418391.2193604
622.095,39801195.2784424
622.422,39231049.0174561
622.75,37852438.3808594
623.266,37173032.6868896
623.67,36322617.7460938
624.411,35643904.7838135
624.742,38107991.1585693
625.259,37703142.6240234
625.775,38313199.3397217
626.102,36970212.8099365
626.505,37629565.7103271
626.833,36710771.8161621
627.16,35802903.1878662
627.489,36234766.8450928
627.818,35881080.0656738
628.147,36728952.7816162
628.55,35465171.7663574
628.952,42293679.7410889
630.362,39051089.1965332
631.096,43040828.8146973
631.606,41178241.8217773
632.115,41766913.9766846
632.513,40208142.5985107
632.839,39999658.184082
633.167,37231607.6496582
633.794,36028278.6687012
634.196,36090703.2928467
634.599,37161202.3804932
634.924,39286130.3199463
635.249,39857868.5848389
635.761,40575348.6535645
636.16,40967231.5012207
636.56,39826378.3092041
636.955,46720135.8642578
637.278,40934281.8796387
637.785,45216695.5856934
638.18,51931050.1705322
638.498,47624474.6998291
638.82,45148378.9157715
639.143,44295445.2194824
639.46,42253747.7915039
639.97,39519395.9315186
640.371,40827329.6577148
640.774,38417856.4882812
641.395,40720109.5489502
641.714,54226853.9990234
642.034,49347092.9509277
642.54,58659609.739624
642.859,53670649.0339355
643.18,44898276.3999023
643.802,49072731.4647217
644.201,40916911.4152832
644.717,39412553.9367676
645.23,39255136.5753174
645.851,45053723.4431152
646.24,64720087.4526367
646.553,65973065.0358887
646.865,70659656.8679199
647.176,70002227.5407715
647.563,67335517.7109375
647.876,64267936.8918457
648.192,69434721.0366211
648.585,50458252.6125488
649.207,44047211.059082
649.828,43486419.4759521
650.221,51330385.0791016
650.611,63690001.3659668
651.109,79334289.182373
651.493,84372995.9191895
651.877,90460588.9404297
652.374,73655482.3996582
652.874,64028600.623291
653.189,67992742.1340332
653.504,62371347.487793
654.001,81668424.2802734
654.385,80706797.3618164
654.768,93455414.1625977
655.151,105207446.746582
655.459,92003113.4477539
655.768,104415036.949951
656.079,76271707.8586426
656.693,68571184.8791504
657.084,59489294.4365234
657.478,55180132.9547119
657.873,56536340.3552246
658.265,65781400.0773926
658.985,86933351.3986816
659.295,92273556.3681641
659.604,92816978.1540527
659.915,92243740.8017578
660.226,86131418.5119629
660.613,89145335.8195801
661.114,85578155.626709
661.505,74774394.9238281
661.896,75904120.3486328
662.21,73093991.0969238
662.525,76881650.7114258
662.838,80780114.0869141
663.223,107142184.832764
663.533,96903576.2626953
663.919,87192691.9638672
664.417,88935586.1228027
664.804,82096918.2131348
665.192,80559343.5214844
665.506,80988668.0742188
665.819,83441333.7277832
666.319,74096009.921875
666.633,77191362.2368164
666.946,81309231.4289551
667.26,81167215.9768066
667.763,86871372.0837402
668.077,77750046.9008789
668.391,78495636.9477539
668.707,74032225.324707
669.321,70102313.6398926
669.715,66371708.2363281
670.331,81008406.3952637
670.644,74470949.4431152
670.959,85487130.7233887
671.348,91725902.0419922
672.07,84046075.2541504
672.57,87721161.7858887
672.883,77237863.2805176
673.2,73625241.0654297
673.704,75902577.4829102
674.32,75627039.8708496
674.711,75918176.4064941
675.098,78033841.3908691
675.488,82853854.7741699
675.802,78637531.6779785
676.116,84795470.9008789
676.428,91874909.7546387
677.044,76014433.2749023
677.547,69040119.427002
677.862,77310107.8444824
678.177,76152964.3701172
678.492,78988638.6652832
678.882,81021633.7734375
679.27,89278231.0976562
679.586,88970182.5390625
679.903,68652556.4174805
680.218,79743849.09375
680.718,93306027.9257812
681.109,72937391.6586914
681.502,70277358.8693848
681.822,67107606.8154297
682.141,65495233.3203125
682.534,68824034.53125
683.148,86254820.4355469
683.538,80421905.6535645
683.93,72566020.6574707
684.322,17171322.0819092
684.734,27644094.9519043
685.052,76257554.0839844
685.369,86291633.0266113
685.684,85227292.684082
686.3,78024543.7006836
686.69,90134674.4494629
687.217,19165732.484436
687.553,23161856.7283936
687.869,31293304.104248
688.397,36544315.5629883
688.731,42666029.4472656
689.066,41555594.3356934
689.476,41816094.2772217
689.882,45026144.5889893
690.396,51840597.5443115
690.796,55160525.5428467
691.417,60629786.4454346
691.818,50245741.1269531
692.339,39056343.7910156
693.254,9479075.85736084
693.658,45015709.567749
694.065,39874831.0494385
694.698,35330622.3930664
695.102,40532586.5513916
695.622,39569142.7519531
695.953,41638468.8215332
696.287,41226725.4217529
696.802,44627782.3475342
697.206,43518586.6518555
697.538,41215439.3731689
697.87,40449558.1846924
698.379,41313524.8520508
698.707,42972456.2302246
699.036,43931221.572998
699.365,46152669.9742432
700.105,43648749.4571533
700.435,43252340.7502441
700.764,44144487.4765625
701.094,46972112.0379639
701.61,44907468.3293457
702.016,44288775.9993896
702.347,42487007.2625732
702.672,40612594.713623
703.084,38814472.484375
703.417,38805957.0847168
703.748,40078503.5699463
704.267,41497931.763916
704.897,41347709.6411133
705.229,40351544.1069336
705.564,38668171.9095459
706.089,36218078.8710938
706.5,35655520.9549561
707.019,38032759.036499
707.353,36954946.5098877
707.688,36727849.2755127
708.023,37850293.4909668
708.428,38404205.8404541
709.063,34149962.5108643
709.403,31015044.2017822
709.738,33453967.6149902
710.076,32663660.2052002
710.488,32546640.2584229
710.903,31064539.1263428
711.317,31519721.3173828
711.645,35810882.1274414
711.984,31321504.6011963
712.617,30971743.8956299
713.029,30203201.2906494
713.667,28901211.9516602
714.008,29060714.8231812
714.346,29896240.6889648
714.871,30177406.8907471
715.506,31591354.7449951
715.844,30224724.0087891
716.183,29455912.4257812
716.524,29534954.092041
717.274,27990333.4870605
717.692,28093162.7436523
718.032,28337048.0767822
718.375,28952733.3592529
719.019,27138235.0393677
719.357,27166653.618042
719.703,25136766.161377
720.227,26833219.1621094
720.645,26714095.8135986
720.991,25164148.3087158
721.33,28198987.0496826
721.675,25796539.9971924
722.009,26863354.3375244
722.428,26003780.6798706
722.827,17281838.6987305
723.161,12525789.4486084
723.52,13945608.2919312
723.924,13926444.1661377
724.344,13859215.4724731
724.671,17608270.7580566
725.012,15547243.8862915
725.456,14048833.1645508
725.831,13009702.2367554
726.172,24653379.5881348
726.594,25313768.942627
727.239,26611707.7769775
727.881,26372046.2970581
728.231,23912534.5655518
728.579,24370074.9043579
728.927,24298416.5166626
729.571,23949561.2871094
729.981,15208812.0004883
730.316,9836293.78369141
730.645,30044962.4377441
730.983,27062892.1828613
731.331,25000449.3481445
731.964,31678789.2348633
732.295,32749995.7333984
732.635,26593595.6664429
733.148,27040630.7322998
733.492,24577550.8397827
733.833,23906935.1610107
734.177,25066555.3919678
734.519,25158136.9482422
734.934,27316908.859375
735.269,29956340.0216064
735.669,28393497.6531982
736.007,27049585.8151855
736.344,26937282.7822266
736.681,26837310.2591553
737.199,11104677.4434814
737.54,25728144.4070435
737.877,28336422.0147705
738.21,29598616.2006836
738.62,29286388.1247559
739.264,26581357.4865723
739.6,27790331.458374
739.94,24579409.0843506
740.267,26649060.6600342
740.675,29862448.2342529
741.08,32912127.4501953
741.405,37622486.9846191
741.739,30766702.1884766
742.075,28302138.050293
742.406,31355795.0479736
742.81,30144771.3562012
743.661,84856515.6369629
743.991,28458235.5079346
744.318,30592779.1813965
745.059,30239352.3450928
745.389,31687210.6851807
745.718,32514325.6219482
746.047,30617438.9420166
746.569,26058161.0566406
746.905,22976664.1539307
747.233,23608300.2087402
747.563,26234083.4907227
748.188,26922644.7662354
748.519,26171898.223877
748.852,19458126.6206055
749.192,18054755.5267944
749.536,18363865.0652466
749.885,18175233.9674072
750.42,18239708.3737183
750.753,21725673.4825439
751.095,18098219.4908447
751.51,18716057.6292114
751.933,17346851.6129761
752.272,19724226.1796875
752.614,18132999.1990356
753.03,17143227.3822632
753.377,16978817.5617065
753.728,15988578.4508667
754.076,17843460.303833
754.417,17865266.8105469
754.773,16944791.3780518
755.114,18887047.0791626
755.462,17407213.4610596
755.81,20440941.2271118
756.152,17520432.0454712
756.506,17032769.9639282
756.849,19342070.2357788
757.199,17331847.6013184
757.55,19308692.4442139
757.89,21813992.3630371
758.229,20515782.4991455
758.572,18232144.906311
758.92,18079522.1177368
759.268,19113772.0616455
759.609,19133993.3629761
759.952,18893039.0389404
760.293,20643322.0848999
760.647,18640581.7248535
760.989,17382647.6958618
761.331,21204658.7723389
761.675,18349032.3703613
762.02,21213143.2427979
762.372,19320503.9173584
762.712,19653030.0112305
763.127,18853387.7192993
763.471,18912945.6260986
763.81,21190376.3203735
764.152,19498865.4801025
764.493,18658052.2674561
764.835,18391392.1721802
765.175,18977728.2229004
765.524,18762424.7921753
765.863,22366485.3497925
766.202,22648508.8579712
766.541,20999569.0082397
766.892,19634590.991333
767.232,22543255.1143799
767.572,21464288.262207
767.914,19007843.0181274
768.255,22063116.7319336
768.606,18541876.241272
768.948,21000487.9257202
769.293,21446122.9285889
769.631,23397374.1228638
769.967,23831779.0845947
770.304,23871834.0343018
770.64,24426798.4188232
770.976,24538741.6115723
771.317,20229206.9454346
771.667,20556318.9950562
772.008,23041261.755249
772.432,19989525.9651489
772.774,19694579.4055176
773.112,23778153.4255371
773.449,25168871.0987549
773.864,21561935.5877686
774.204,24949515.2280273
774.54,25187266.0044556
774.876,24360506.6964722
775.218,22498022.913269
775.554,24853148.12146
775.891,23984641.4555054
776.233,21514967.3250122
776.571,24911135.8110352
776.909,24482969.645813
777.252,20941541.4388428
777.59,21306047.3654785
777.928,23593770.1369019
778.265,23916441.8740845
778.604,23885896.1627197
778.942,21413610.4396973
779.281,24027504.8461914
779.622,23214745.6555176
779.975,20200224.7822876
780.314,24155775.871582
780.652,23873007.7033691
780.992,23108014.2078857
781.333,20319933.3293457
781.672,24292873.9855957
782.01,24242406.0724487
782.351,22370370.5863037
782.691,20915681.6419678
783.03,23791450.1068726
783.37,22305506.3304443
783.803,18239999.7037354
784.146,24236293.9069824
784.485,23437999.1070557
784.826,22134385.1248779
785.169,20886793.3913574
785.508,23974931.6138916
785.847,21572831.8793945
786.185,21533989.1451416
786.532,21735935.65979
786.873,23054937.3910522
787.215,22891828.6168213
787.559,18283724.307312
787.902,22589588.4094849
788.243,22782352.0060425
788.585,20367176.7831421
788.931,19007496.5046997
789.272,22750122.0053711
789.613,22072930.7310791
789.954,22371231.6630859
790.304,20788637.7566528
790.645,23710023.2210083
791.061,22359203.2113037
791.402,19071887.585083
791.749,20136414.8021851
792.088,24105382.1224365
792.502,21113944.6600952
792.847,20278092.3597412
793.19,22795811.43573
793.529,23676877.248291
793.869,22899313.8948975
794.21,20809707.5585938
794.558,19813630.8343506
794.898,22907919.5421143
795.238,20213849.5682983
795.58,20212467.8830566
795.936,23345493.760498
796.276,23792771.1190186
796.613,24099518.9249268
796.954,22661202.2871094
797.297,23487250.8694458
797.635,24565385.0527344
797.973,23746040.8427734
798.311,24058680.4116211
798.658,20805211.7346802
798.998,24002950.703125
799.337,24654618.0701904
799.675,24519555.6860352
800.013,24162668.2866211
800.356,21680756.8356934
800.693,25788313.9255371
801.029,25957006.1885986
801.364,26325389.1652832
801.704,26066594.6740723
802.038,26645102.1433105
802.45,25256358.4688721
802.788,24765129.0733643
803.133,21792701.6885986
803.472,24632868.0195312
803.812,22949272.4912109
804.153,23199223.4063721
804.495,20708002.8660278
804.836,23387716.2484131
805.176,23303894.1401367
805.517,22754038.9088135
805.857,20425409.5393677
806.201,22388026.3765259
806.541,23793270.9499512
806.886,22655655.1348267
807.228,22634946.6726074
807.573,20330141.8092041
807.914,23801535.8272095
808.252,24294814.9830322
808.676,20873289.2766113
809.022,23416646.0037231
809.36,24198940.6166992
809.699,23644289.4650879
810.042,20733496.149292
810.392,20709645.1375122
810.732,21643966.125
811.07,23363551.8363647
811.407,23772518.3739014
811.746,21962594.4794922
812.158,24925334.7884521
812.495,25872302.9161987
812.829,26142010.4296875
813.162,27229772.776123
813.5,25247425.885376
813.84,23541132.6072998
814.177,24237196.9262695
814.516,21283619.0516968
814.862,22355670.4740601
815.202,23617780.3580933
815.54,23656997.3972168
815.955,21819212.5714111
816.297,23533909.0135498
816.637,23869569.368042
816.975,24458091.107666
817.313,23451205.7424316
817.654,20120301.2841797
817.995,23616769.4381104
818.335,23620101.0065918
818.682,20290272.0411377
819.032,21239284.1735229
819.372,23776189.7532349
819.711,24076953.8684082
820.05,23366700.4851685
820.391,19606085.6017456
820.733,23177971.932251
821.073,22900616.1730347
821.414,23403909.4046631
821.754,23107846.9845581
822.095,22467866.9237061
822.436,20040651.4146118
822.777,23373434.6830444
823.118,23198183.1865845
823.459,23074615.5447388
823.875,20972921.1850586
824.219,20415342.1398315
824.558,23662271.1407471
824.898,23448898.6481934
825.24,22848622.2990723
825.581,22176115.0842896
826.004,19779110.5919189
826.348,19236714.8428345
826.689,22853041.1755981
827.029,23152037.5126953
827.369,23098981.4770508
827.71,22972408.9920654
828.05,22631886.3930054
828.391,20118016.7802734
828.731,24520633.7414551
829.072,23694280.0844116
829.487,24174413.5471191
829.827,20498305.6116943
830.171,18943585.0164185
830.51,24366140.1619873
830.849,23345307.6729126
831.265,23905983.2941284
831.606,23920954.3369141
831.946,20986328.762146
832.287,19611440.5584717
832.627,23429006.4312744
832.977,20098195.3897705
833.402,17342708.5130005
833.762,37866261.9001465
834.098,37963262.7921143
834.434,37789183.8555908
835.067,38411159.9935303
835.402,36542277.1033936
835.736,36090929.7928467
836.071,38366658.8253174
836.405,36556627.5692139
836.738,39138320.8782959
837.068,40999038.6831055
837.588,40165057.4195557
837.921,39535700.880127
838.252,39951728.385498
838.66,37600056.8200684
838.992,38221677.5142822
839.328,32909156.9902344
839.667,31026272.7087402
840.006,30772839.0351562
840.346,31423020.6057129
840.755,38718125.6192627
841.087,37270137.2366943
841.428,33239103.6328125
841.841,33055851.0109863
842.247,36517194.6567383
842.582,36106794.7269287
842.991,36892420.7663574
843.325,38271467.2677002
843.661,35412438.0717773
844.01,29913596.9099121
844.424,37366120.1474609
844.757,38520165.5318604
845.091,39421510.8775635
845.503,29514180.9735107
845.92,31832991.7399292
846.259,32388366.4163818
846.6,31844111.2679443
846.941,32127476.248291
847.361,28808592.199646
847.779,28515469.0517578
848.143,25892444.5412598
848.488,26949997.7640381
849.133,27694752.5930786
849.482,28287830.5534058
849.825,30452534.4822998
850.168,28924770.3583984
850.512,30284240.3009033
850.851,30643002.9234619
851.194,29860959.9648438
851.532,24788199.4556885
851.869,26107201.2763672
852.282,24892741.7745361
852.622,24401014.05896
852.957,25198750.8594971
853.293,25416904.3377686
853.632,24745203.5164795
854.157,25105884.161499
854.494,24822231.3508301
854.833,21751298.0222778
855.172,22136926.8925781
855.525,25774344.7866211
855.861,36023385.1240234
856.195,39441118.0291748
856.612,35978305.7944336
856.947,38381209.5736084
857.281,40349212.8500977
857.805,31531932.4832764
858.141,38548075.0773926
858.476,36774050.5463257
858.814,33992313.9350586
859.364,94618.7456359863
859.913,9340.8487701416
860.461,2691.04020690918
861.01,3174.54383850098
861.559,3212.14384460449
862.108,1539.99388885498
862.656,2343.5627822876
862.988,34635943.2495117
863.326,34438368.3808594
863.665,33309171.8304443
864.078,38686752.2304688
864.41,37535579.9694824
864.746,35818440.1068115
865.083,41788635.5244141
865.487,41230677.7960205
865.824,35224149.0441895
866.356,25517304.7409058
866.704,26467360.2727661
867.056,22160115.6317749
867.584,23152133.7123413
867.925,22758920.0606689
868.264,23912817.8848267
868.588,42481688.8083496
868.907,43576212.5732422
869.228,43287123.9396973
869.547,45741277.9199219
869.868,42106500.3630371
870.19,42947307.5351562
870.537,5889472.10540771
871.086,63037.1235809326
871.635,11703.2611846924
871.978,30550921.2958374
872.309,36056826.0792236
872.644,32271107.2403564
873.054,34876934.3514404
873.388,34599872.7779541
873.721,34997276.6121826
874.247,32291992.520874
874.583,31481395.3699951
874.92,30867154.6005859
875.338,29219010.8699951
875.754,31244185.5980835
876.093,30424632.0095215
876.51,31347693.6643066
876.851,31480347.3862305
877.194,30301869.3352661
877.535,30107402.4366455
877.878,30246309.5413818
878.597,36792727.1280518
878.929,39350566.6015625
879.266,27291862.8398438
879.798,27027109.8341064
880.134,27095152.416748
880.469,28092650.0186768
880.804,28388309.0804443
881.138,30977325.4696045
881.464,36660264.1582031
881.789,36682558.3538818
882.117,36537150.0526123
882.447,31990935.6466064
882.786,29250257.6259766
883.12,28675453.4291992
883.457,27327647.1966553
883.795,27012073.7736816
884.14,26392854.4321899
884.477,26991476.114624
884.892,26365503.739502
885.232,26514954.9712524
885.57,26866152.513916
885.907,26505870.963623
886.245,26008652.5928955
886.667,20116540.2938843
887.007,25858750.3824463
887.345,26840622.3287354
887.762,20944476.5482788
888.102,26274697.7196045
888.441,25559350.3731079
888.781,26240051.0949707
889.121,24912283.0012207
889.462,25390919.8695068
889.803,23546524.7214966
890.145,24713035.5856934
890.486,24960079.473877
890.827,23394921.3961182
891.172,22129616.3779907
891.514,22768445.7108154
891.858,22249547.7402344
892.201,22920700.8518677
892.547,22257997.3260498
892.891,22617773.9472656
893.238,22028587.8534546
893.584,22753195.3681641
893.93,22126196.0878296
894.287,18860909.4707642
894.646,18040477.2949219
895.005,17791061.0966187
895.367,16827528.022583
895.803,24336927.7479248
896.165,22339945.670105
896.534,18585323.06073
897.096,17909530.9438477
897.473,15768922.1921997
897.86,13920786.8652954
898.767,12919828.9254761
899.152,11515921.615387
899.549,10563231.1359558
899.981,8008171.37243652
901.5,8400216.20065308
903.006,11848591.6210632
904.472,15197740.4215698
905.962,14323101.2180786
907.44,14803146.1146545
908.904,16000719.3089905
909.467,17175986.8450317
910.026,18094283.8562622
910.924,17625038.9923096
911.298,16812472.5860596
911.672,17101643.2957153
912.682,16766211.195343
913.055,18485228.8815918
913.423,17981320.3607788
913.795,17425521.9227295
914.802,16994392.5840454
915.171,17444865.3997803
915.544,17422339.2727661
916.206,18877362.9020386
916.57,19633774.4040527
916.932,18795292.7531738
917.707,21739944.3930054
918.139,22059777.1223755
918.917,19708786.2191772
919.356,19112250.4569092
919.719,20609750.0354004
920.083,19199999.9179077
920.441,19486677.4550781
921.101,20896847.6468506
921.656,19424811.079834
922.091,19483892.4022217
922.456,20299847.7720337
922.89,20494160.2089233
923.548,20966763.1085205
923.982,21427524.2102051
924.755,21173115.0055542
925.19,21825033.7307129
925.731,22420475.6275635
926.392,20408067.4926758
926.824,23137654.1274414
927.71,21957157.4000244
928.145,21981729.7578735
928.577,22459962.1652832
929.344,23647553.1278687
929.701,22029586.7401733
930.056,23442806.168396
931.28,22665206.8607788
932.277,22563494.5932617
932.7,21998792.6636963
933.355,22604301.5361938
933.692,31234256.7758789
934.043,24266663.2817993
934.921,23978509.1022339
935.332,30192033.3820801
935.76,24353584.991394
936.637,26493443.9361572
936.977,25053447.2023926
937.327,24254948.2985229
937.978,24841763.1361084
938.382,36611902.1392822
938.919,24895778.5297852
939.442,25391040.7932739
940.317,22996247.0466309
940.665,26873990.9537964
941.002,31009672.8956299
941.351,23772761.3864136
942.112,24577339.684021
942.646,24537712.5808105
943.633,24258216.9672241
944.732,25412335.9857788
945.151,26275089.8764038
945.909,24388539.116272
946.442,26088380.0333862
947.646,24605934.8423462
948.737,25182165.7808228
949.159,24678288.6621094
950.255,25196660.1616821
950.676,26160583.5735474
951.883,26750513.3389282
952.226,28203272.7929077
952.571,26198115.7597656
953.774,29473365.4094238
954.187,33839672.882019
954.521,35345281.2928467
955.934,41738348.694458
956.337,42594391.7043457
957.743,41839521.6337891
958.259,40069394.1622314
959.22,37231622.7484131
959.623,35918181.6328125
960.478,40180304.6174316
960.81,33715325.5189209
961.144,31271281.1289062
962.002,33604240.3919678
962.337,33213498.1628418
962.674,32585890.5336914
963.861,37442853.4393311
965.16,43092142.3104248
966.119,47491958.6719971
967.533,47157022.9093018
968.942,41896964.6661377
970.132,34929736.0021973
971.554,30191520.8035889
972.98,30460378.6245117
973.39,32035459.9667969
974.813,37035381.6513672
976.24,34967672.9761963
977.748,39340185.9472656
979.174,43503397.1955566
980.596,52312440.4058838
982.013,61470314.3449707
983.424,74878016.7977295
984.835,90822091.7042236
986.247,103590975.165771
987.658,121128079.74939
989.062,143566464.213135
990.461,175779967.104248
991.864,199682747.18457
993.263,210596138.63623
994.66,211523276.904785
996.057,224399665.31958
997.453,229078631.980957
998.847,259906534.886719
1000.24,332463637.211914
1001.63,403269043.048828
1003.02,450068859.103516
1004.41,519390045.314453
1005.79,495092418.998047
1007.18,488929913.119141
1008.57,457491439.96875
1009.96,374041866.451172
1011.35,364738972.947266
1012.74,370925009.561523
1014.13,418651038.654297
1015.52,469499295.708984
1016.91,516453127.392578
1018.3,548600754.541016
1019.69,595785110.886719
1021.08,608245143.25
1022.47,608491238.027344
1023.86,553560241.595703
1025.26,521436749.083984
1026.64,522832544.78418
1028.04,548113915.604492
1029.43,606228553.46875
1030.82,596338105.435547
1032.22,596965424.855469
1033.6,576176969.073242
1034.99,550045709.525391
1036.38,540820017.964844
1037.77,512172712.951172
1039.16,516114596.609375
1040.55,525840933.489258
1041.94,537563007.439453
1043.33,526606759.608398
1044.72,508185719.856445
1046.11,438644866.227539
1047.51,439924611.254883
1048.89,428394842.75293
1050.29,433641122.939453
1051.67,444757773.985352
1053.06,472162074.195312
1054.45,461423541.776367
1055.84,438544563.056641
1057.23,431558817.796875
1058.61,470304104.587891
1059.99,573314846.195312
1061.38,791816152.664062
1062.77,778458487.207031
1064.15,775817496.636719
1065.54,782727484.335938
1066.93,715131378.445312
1068.32,755347149.710938
1069.71,665916657.84375
1071.1,623875265.605469
1072.49,593818407.158203
1073.85,525331901.689453
1075.24,454243624.654297
1076.63,466377352.492188
1078.02,470172739.524414
1079.42,500603392.602539
1080.81,566901578.942383
1082.16,532981289.457031
1083.55,612424102.607422
1084.94,558586596.301758
1086.32,546633956.601562
1087.71,577878693.421875
1089.1,567402011.729492
1090.49,617624489.095703
1091.88,619238954.038086
1093.26,635990570.451172
1094.64,665610869.110352
1096.03,610726124.386719
1097.42,664509995.948242
1098.78,701653026.561523
1100.16,621608714.796875
1101.57,24295150.2978516
1102.97,25060791.03125
1104.15,24485513.5438232
1104.55,24807133.3148193
1104.94,24971520.3400879
1105.26,25844556.0228271
1105.58,26532323.4106445
1105.91,26104010.5755615
1106.23,26481565.9093018
1106.56,26123050.0474854
1106.89,26030361.5637207
1107.22,27303576.3118896
1107.55,27377156.4152832
1107.96,26365831.0144653
1108.3,25933515.8659058
1108.64,24232842.6072998
1108.99,27278718.5512695
1109.33,27214060.4673462
1109.67,27405646.6861572
1110.04,21934924.2852173
1110.4,22107655.2724609
1110.75,18738416.6211548
1111.11,25397301.7145386
1111.65,25472532.6130981
1112,25784251.5488892
1112.36,25804064.2650146
1112.72,25944407.0587158
1113.08,25923854.1691284
1113.44,26096546.1896362
1113.8,19963188.6655884
1114.16,26566577.6776733
1114.52,27008344.9901123
1114.88,33202579.0064697
1115.43,102189.94392395
1115.97,18622.8988571167
1116.52,2505.26529693604
1117.07,2241.39953613281
