"rt","ions"
300.09,8.01467E7
300.404,8.03038E7
300.711,8.09604E7
301.094,7.82044E7
301.401,8.66369E7
301.709,8.68223E7
302.017,8.37782E7
302.326,8.75227E7
302.636,8.52509E7
302.946,8.32347E7
303.332,8.23082E7
303.643,7.91755E7
303.956,7.65901E7
304.268,8.53934E7
304.58,8.86504E7
304.892,8.3532E7
305.206,8.28638E7
305.52,8.10628E7
305.835,8.02119E7
306.147,9.26729E7
306.461,8.55309E7
306.777,8.06771E7
307.092,8.1465E7
307.407,8.45304E7
307.797,8.39146E7
308.187,8.31839E7
308.502,8.40867E7
308.817,8.65499E7
309.132,7.76189E7
309.449,7.63842E7
309.765,8.87333E7
310.156,8.48987E7
310.472,8.10727E7
310.789,7.89947E7
311.106,8.1166E7
311.423,8.29561E7
311.739,8.81355E7
312.055,8.35865E7
312.373,7.90431E7
312.765,8.41743E7
313.081,8.75053E7
313.396,8.75312E7
313.711,8.91643E7
314.026,8.72216E7
314.342,8.80597E7
314.658,8.34837E7
314.976,7.96442E7
315.293,8.83054E7
315.61,8.14538E7
315.927,8.29385E7
316.244,8.73812E7
316.56,8.67737E7
316.876,8.47592E7
317.193,8.43453E7
317.51,8.33118E7
317.83,8.03404E7
318.147,8.62327E7
318.464,8.53886E7
318.781,8.32129E7
319.174,8.02661E7
319.491,8.15228E7
319.81,7.71198E7
320.128,7.78519E7
320.448,8.34411E7
320.766,7.80408E7
321.084,7.92437E7
321.403,7.78739E7
321.721,8.01156E7
322.039,7.75113E7
322.358,7.63493E7
322.677,7.60631E7
323.071,8.05311E7
323.39,7.63052E7
323.709,7.71346E7
324.028,7.74473E7
324.422,7.48881E7
324.74,7.96419E7
325.057,8.14995E7
325.375,7.85176E7
325.693,7.78963E7
326.085,8.08294E7
326.404,7.50607E7
326.723,8.01912E7
327.04,8.59669E7
327.358,7.75065E7
327.676,8.09491E7
327.996,7.81003E7
328.315,7.70033E7
328.633,8.25893E7
328.951,8.06646E7
329.268,8.13916E7
329.587,7.63028E7
329.906,7.67953E7
330.225,7.6392E7
330.542,8.10705E7
330.863,7.50509E7
331.181,7.91765E7
331.499,8.08546E7
331.816,8.23398E7
332.134,7.74609E7
332.452,8.11306E7
332.77,8.03763E7
333.088,8.0528E7
333.406,7.7063E7
333.726,8.23907E7
334.044,7.8891E7
334.363,7.76387E7
334.681,8.25137E7
334.999,7.83768E7
335.317,7.90788E7
335.636,7.61023E7
335.955,7.86538E7
336.276,7.80175E7
336.593,8.61554E7
336.91,8.00909E7
337.228,7.82872E7
337.546,7.99651E7
337.864,8.31015E7
338.181,8.09269E7
338.499,8.02046E7
338.817,7.73109E7
339.325,7.61011E7
339.645,7.74326E7
339.964,7.61371E7
340.283,7.51262E7
340.677,7.44374E7
340.997,7.55484E7
341.317,7.82491E7
341.637,7.43776E7
341.956,7.41187E7
342.277,7.60633E7
342.595,7.82521E7
342.915,7.39692E7
343.233,7.86754E7
343.551,7.68022E7
343.869,7.85248E7
344.187,8.77646E7
344.506,7.40892E7
344.825,7.67571E7
345.144,7.95672E7
345.537,8.02888E7
345.855,7.73173E7
346.174,7.47221E7
346.494,7.9513E7
346.812,7.85294E7
347.131,7.84097E7
347.449,7.3966E7
347.768,7.97759E7
348.086,7.77845E7
348.404,7.95832E7
348.722,7.69353E7
349.041,7.61829E7
349.361,7.70736E7
349.68,7.69427E7
349.997,7.96861E7
350.317,7.21753E7
350.636,7.93811E7
350.953,8.43243E7
351.272,7.77718E7
351.59,7.67262E7
351.909,7.45391E7
352.303,7.52774E7
352.808,8.19251E7
353.128,7.41283E7
353.447,7.23748E7
353.766,7.4549E7
354.161,7.45712E7
354.48,7.31865E7
354.799,7.63158E7
355.118,7.44625E7
355.623,7.83571E7
356.017,7.85511E7
356.412,7.25506E7
356.731,7.6384E7
357.239,7.53093E7
357.556,8.35042E7
357.873,7.53301E7
358.194,7.2368E7
358.513,7.05462E7
358.833,7.12927E7
359.153,7.44831E7
359.881,8.09731E7
360.199,8.30684E7
360.516,8.09704E7
360.833,8.10428E7
361.338,7.65422E7
361.732,7.48778E7
362.128,7.71574E7
362.522,7.44858E7
362.841,7.21599E7
363.161,7.38682E7
363.479,7.75435E7
364.21,7.82867E7
364.527,7.88751E7
364.845,7.35452E7
365.164,7.33866E7
365.484,6.63402E7
366.218,7.20594E7
366.536,7.06654E7
366.855,6.89989E7
367.477,6.63523E7
367.799,7.79478E7
368.117,7.63624E7
368.735,7.57761E7
369.054,6.94425E7
369.373,7.08276E7
370.223,6.77784E7
370.543,6.66339E7
370.864,6.96866E7
371.483,7.2816E7
371.803,6.96934E7
372.124,6.33465E7
372.445,7.21989E7
373.068,6.06227E7
373.393,6.19336E7
373.715,6.29523E7
374.45,6.53528E7
374.771,6.45833E7
375.092,6.39609E7
375.489,6.07116E7
376.785,6.50594E7
377.105,6.5277E7
377.426,6.83591E7
378.048,6.66028E7
378.37,6.09759E7
378.691,6.08942E7
379.535,6.13088E7
379.857,6.32825E7
380.177,5.86043E7
380.575,5.68514E7
381.542,4.95693E7
381.865,5.44495E7
382.189,5.3665E7
382.512,5.58902E7
382.834,5.28575E7
383.686,5.71523E7
384.006,5.82669E7
384.327,5.50925E7
385.061,6.33893E7
385.383,5.44634E7
385.705,5.27806E7
386.666,5.22331E7
386.988,5.38718E7
387.31,5.40734E7
388.378,5.91726E7
388.697,5.9946E7
389.016,5.7606E7
389.64,5.29711E7
389.959,5.88155E7
390.28,5.44147E7
391.238,5.49934E7
391.558,5.55152E7
391.877,5.90458E7
392.494,6.1337E7
392.812,6.00991E7
393.131,6.85478E7
394.088,6.21377E7
394.406,6.23431E7
394.725,7.06907E7
395.116,6.76676E7
395.434,6.66175E7
395.751,6.61947E7
396.068,6.63953E7
396.796,6.52934E7
397.114,6.36579E7
397.434,6.19055E7
397.752,6.3367E7
398.373,6.21206E7
398.694,6.17008E7
399.012,6.79315E7
399.405,6.22298E7
399.8,6.1063E7
400.118,6.33498E7
400.441,6.10952E7
401.17,6.3108E7
401.488,6.72423E7
401.806,6.9494E7
402.125,6.41562E7
402.445,6.36127E7
402.841,6.28969E7
403.161,6.31786E7
403.666,7.31601E7
404.058,7.41184E7
404.45,7.17356E7
404.767,7.00085E7
405.085,6.76091E7
405.479,6.63978E7
405.796,7.03307E7
406.116,6.51329E7
406.511,6.74566E7
406.904,6.95931E7
407.224,6.53938E7
407.542,6.91851E7
407.86,7.12228E7
408.253,7.08207E7
408.571,6.75354E7
408.891,6.26208E7
409.286,6.4159E7
409.606,6.17834E7
409.927,6.32632E7
410.247,6.49004E7
410.643,6.25332E7
410.965,6.41005E7
411.286,6.63421E7
411.794,6.35633E7
412.112,7.08269E7
412.431,7.30131E7
412.825,6.22878E7
413.147,6.49961E7
413.466,6.74693E7
413.785,6.5539E7
414.633,6.75194E7
414.953,7.04433E7
415.271,7.11439E7
415.591,6.29519E7
416.208,7.24358E7
416.527,6.73754E7
416.848,7.26195E7
417.169,6.65797E7
417.489,6.38795E7
417.884,6.54568E7
418.205,6.5183E7
418.525,6.54686E7
418.922,6.41639E7
419.319,6.24753E7
419.638,6.76752E7
419.957,7.01829E7
420.274,7.47355E7
420.593,7.13614E7
420.912,6.88183E7
421.533,6.66263E7
421.852,6.9529E7
422.172,7.1681E7
422.491,7.27452E7
422.885,6.78949E7
423.28,6.56192E7
423.602,6.53956E7
423.922,6.63606E7
424.431,6.31245E7
424.751,6.58958E7
425.071,6.38067E7
425.393,6.25921E7
425.713,6.47772E7
426.035,6.50091E7
426.356,6.39424E7
426.678,6.3669E7
426.999,6.36159E7
427.395,6.73592E7
427.716,6.57637E7
428.037,6.36058E7
428.355,6.89387E7
428.677,6.73424E7
429.072,6.68869E7
429.391,6.60283E7
429.709,7.1491E7
430.029,6.7578E7
430.347,7.02807E7
430.665,7.19226E7
430.986,6.62313E7
431.306,6.94392E7
431.625,7.1147E7
431.944,6.65542E7
432.34,6.5165E7
432.66,6.44969E7
432.981,6.50438E7
433.303,6.57214E7
433.625,6.2862E7
433.946,6.4497E7
434.342,6.29235E7
434.848,7.14774E7
435.244,6.48736E7
435.64,6.35913E7
435.961,6.3814E7
436.283,6.41864E7
436.603,6.66797E7
436.998,6.60293E7
437.394,6.34097E7
437.717,6.31523E7
438.036,7.24101E7
438.354,6.92668E7
438.748,6.99178E7
439.067,6.9778E7
439.387,6.85341E7
439.706,6.87837E7
440.026,6.84523E7
440.347,7.07688E7
440.665,6.98471E7
440.984,6.88742E7
441.305,6.1638E7
441.703,6.07841E7
442.023,6.94689E7
442.343,7.26153E7
442.737,6.75352E7
443.057,6.8771E7
443.378,6.50046E7
443.698,6.76227E7
444.017,6.80894E7
444.337,6.93414E7
444.656,6.76941E7
444.977,6.37561E7
445.301,6.09072E7
445.808,6.23399E7
446.127,7.33575E7
446.445,7.34271E7
446.764,6.58915E7
447.275,6.10312E7
447.597,6.31428E7
447.918,6.2215E7
448.24,6.14193E7
448.562,6.27929E7
448.884,6.1411E7
449.204,6.42117E7
449.525,6.68625E7
449.845,6.742E7
450.167,6.03878E7
450.489,6.17452E7
450.811,6.26112E7
451.133,6.17152E7
451.455,6.1042E7
451.777,6.27294E7
452.097,6.5027E7
452.418,6.24933E7
452.74,6.59283E7
453.25,5.96502E7
453.57,6.3185E7
453.891,6.09568E7
454.213,5.95863E7
454.535,6.27969E7
454.932,6.40839E7
455.327,6.98389E7
455.722,6.6036E7
456.043,6.48911E7
456.365,6.3327E7
456.686,6.36017E7
457.006,6.84671E7
457.327,7.01696E7
457.646,6.73345E7
457.967,6.57818E7
458.362,6.56233E7
458.683,6.35524E7
459.004,6.42571E7
459.401,6.24022E7
459.797,6.51922E7
460.117,6.71424E7
460.437,6.69785E7
460.831,6.9539E7
461.151,6.41426E7
461.473,6.07714E7
461.796,6.11811E7
462.118,6.07006E7
462.514,6.2539E7
462.837,5.99386E7
463.158,6.13779E7
463.48,6.2428E7
463.802,6.23569E7
464.2,6.15556E7
464.52,6.42754E7
464.84,6.25614E7
465.16,6.44004E7
465.482,6.29988E7
465.993,6.05358E7
466.315,5.91365E7
466.64,5.96408E7
467.151,6.10305E7
467.475,5.81472E7
467.798,6.01355E7
468.119,6.4643E7
468.629,6.41381E7
468.951,6.36288E7
469.273,6.315E7
469.67,6.07429E7
470.065,6.40087E7
470.387,6.27308E7
470.71,6.07527E7
471.032,6.20918E7
471.542,6.12907E7
471.864,6.07609E7
472.186,6.24157E7
472.505,6.67293E7
472.824,6.83314E7
473.146,6.27543E7
473.466,6.85838E7
473.862,5.93492E7
474.185,6.09387E7
474.506,6.29105E7
474.826,6.49499E7
475.337,6.44252E7
475.657,6.32163E7
475.979,6.00411E7
476.301,6.07797E7
476.622,6.4069E7
476.942,6.51917E7
477.263,6.23262E7
477.66,6.23103E7
477.982,6.30281E7
478.303,6.37912E7
478.623,6.59766E7
478.942,6.89728E7
479.336,6.9696E7
479.656,6.53572E7
479.977,6.66398E7
480.373,6.84056E7
480.768,6.5875E7
481.086,6.92703E7
481.407,6.82937E7
481.726,6.67757E7
482.121,6.5794E7
482.516,6.46024E7
482.836,6.62954E7
483.157,6.556E7
483.477,6.411E7
483.799,6.19236E7
484.12,6.31442E7
484.515,6.45207E7
484.91,7.02364E7
485.304,6.71505E7
485.625,6.40054E7
485.946,6.4078E7
486.452,6.72891E7
486.772,6.77728E7
487.092,6.84145E7
487.412,6.68347E7
487.732,6.53287E7
488.052,6.82552E7
488.372,6.49126E7
488.693,6.4204E7
489.014,6.26902E7
489.523,6.36207E7
489.843,6.63977E7
490.163,6.43227E7
490.482,6.79132E7
490.878,6.53991E7
491.197,6.65573E7
491.592,6.70886E7
491.913,6.33133E7
492.235,6.40138E7
492.556,6.37188E7
492.877,6.44454E7
493.199,6.22265E7
493.595,6.27137E7
493.918,6.26733E7
494.24,6.28939E7
494.561,6.27829E7
494.883,6.10433E7
495.205,6.15726E7
495.526,6.34428E7
495.923,6.22125E7
496.244,6.4107E7
496.567,6.33801E7
496.888,6.61788E7
497.208,6.64149E7
497.53,6.42088E7
498.04,6.44915E7
498.359,6.70903E7
498.677,6.86216E7
499.0,6.30092E7
499.321,6.33764E7
499.644,6.10496E7
499.966,5.94864E7
500.288,6.31968E7
500.609,6.60301E7
500.93,6.41378E7
501.25,6.51673E7
501.645,6.77501E7
501.965,6.36075E7
502.285,6.69898E7
502.682,6.18518E7
503.004,6.11637E7
503.327,6.0634E7
503.649,5.93468E7
503.972,6.28016E7
504.369,6.26146E7
504.691,6.08241E7
505.013,6.11277E7
505.333,6.52048E7
505.654,6.18571E7
505.976,6.32006E7
506.601,5.95696E7
506.923,5.99815E7
507.246,5.81635E7
507.567,6.00181E7
507.965,6.10812E7
508.287,6.07864E7
508.611,5.80536E7
508.934,5.66648E7
509.332,5.90498E7
509.656,5.85786E7
509.979,5.91266E7
510.302,5.88241E7
510.626,5.7431E7
510.951,5.99231E7
511.273,5.91047E7
511.597,5.66485E7
511.995,5.93346E7
512.316,6.07785E7
512.636,6.4655E7
513.034,6.16076E7
513.357,6.03435E7
513.679,6.1979E7
514.076,5.9056E7
514.471,6.46864E7
514.795,5.8464E7
515.118,5.99004E7
515.517,6.47278E7
515.838,6.1659E7
516.161,5.88006E7
516.483,6.20916E7
516.879,6.42956E7
517.2,6.3347E7
517.522,5.94826E7
518.033,5.78287E7
518.356,5.68791E7
518.679,6.2418E7
519.075,6.50631E7
519.396,6.0659E7
519.719,5.93556E7
520.042,6.10517E7
520.364,6.34016E7
520.76,6.25107E7
521.156,6.178E7
521.476,6.34164E7
521.828,5.60858E7
522.342,5.72385E7
522.665,5.76442E7
522.989,5.82761E7
523.312,6.03123E7
523.634,6.30339E7
524.142,6.52163E7
524.465,6.23218E7
524.787,5.82015E7
525.186,5.58336E7
525.509,6.00056E7
525.831,5.84629E7
526.152,6.26972E7
526.473,6.59337E7
526.795,6.14741E7
527.118,5.99563E7
527.516,5.79925E7
527.839,5.74919E7
528.162,6.00155E7
528.486,5.78894E7
529.111,6.05051E7
529.432,5.98271E7
529.755,6.01195E7
530.077,5.81736E7
530.587,5.91724E7
530.909,6.07631E7
531.233,5.59868E7
531.632,5.72787E7
532.145,5.76493E7
532.469,5.7213E7
532.792,5.7329E7
533.302,6.15151E7
533.626,5.81112E7
533.949,5.75114E7
534.346,5.91492E7
534.746,5.46457E7
535.254,6.40888E7
535.575,6.16431E7
535.9,5.49547E7
536.299,6.04771E7
536.623,5.90484E7
536.946,5.7908E7
537.345,5.79898E7
537.743,5.97842E7
538.067,5.40368E7
538.392,5.48589E7
538.716,5.61986E7
539.114,5.79553E7
539.739,5.56102E7
540.062,5.72102E7
540.386,5.4126E7
540.787,5.4393E7
541.187,5.64312E7
541.509,6.15962E7
541.908,5.51179E7
542.418,6.12961E7
542.741,5.88425E7
543.065,5.64288E7
543.391,6.08158E7
543.788,6.08181E7
544.112,6.08019E7
544.509,6.27506E7
544.907,5.97355E7
545.306,6.19582E7
545.629,5.63387E7
546.141,5.38865E7
546.465,5.69194E7
546.788,6.20343E7
547.111,5.79746E7
547.435,5.46105E7
547.762,5.45549E7
548.086,5.45169E7
548.485,5.59501E7
548.886,5.55346E7
549.21,5.48818E7
549.533,5.96192E7
550.046,5.53597E7
550.371,5.4553E7
550.697,5.32666E7
551.019,6.24715E7
551.343,6.14126E7
551.968,5.52402E7
552.293,5.51328E7
552.618,5.4682E7
553.131,5.57906E7
553.456,5.41986E7
553.778,5.30286E7
554.176,5.76096E7
554.688,5.68677E7
555.011,5.76745E7
555.335,5.57087E7
555.961,5.33036E7
556.286,5.50339E7
556.611,5.53154E7
557.124,5.45732E7
557.635,5.77169E7
557.962,5.4098E7
558.285,5.82086E7
558.61,5.58416E7
558.935,5.36903E7
559.334,5.83669E7
559.657,5.61316E7
559.982,5.55544E7
560.5,5.23126E7
560.825,5.77278E7
561.148,5.64219E7
562.561,5.84094E7
562.885,5.78833E7
563.209,5.8149E7
563.951,5.51335E7
564.275,5.68432E7
564.599,5.4476E7
565.335,6.01664E7
565.735,5.52113E7
566.248,5.69751E7
566.647,5.86069E7
567.046,5.59465E7
567.561,5.33928E7
567.886,5.46746E7
568.211,5.61901E7
568.535,5.96112E7
568.934,5.50076E7
569.259,5.38085E7
569.585,5.4622E7
569.911,5.43801E7
570.54,5.30698E7
570.865,5.48107E7
571.189,6.15677E7
571.514,5.26582E7
572.14,5.77306E7
572.466,5.71121E7
572.791,5.17031E7
573.416,5.18033E7
573.739,6.00171E7
574.062,5.75874E7
574.464,5.52209E7
575.09,5.75625E7
575.415,5.3094E7
575.741,5.2485E7
576.367,5.34885E7
576.691,5.68464E7
577.014,5.57064E7
577.339,5.50859E7
577.849,4.98173E7
578.173,5.80255E7
578.498,5.49084E7
579.012,5.22978E7
579.338,5.17576E7
579.85,5.54009E7
580.175,5.19074E7
580.5,5.43105E7
581.011,5.78118E7
581.334,5.85789E7
581.657,5.57058E7
582.281,5.52264E7
582.604,5.92165E7
582.927,5.67898E7
583.253,5.32246E7
583.578,5.22064E7
583.903,5.10392E7
584.231,5.05312E7
584.855,6.06082E7
585.178,5.14046E7
585.502,5.57812E7
586.126,5.6007E7
586.451,5.57105E7
586.777,5.31256E7
587.628,5.30416E7
587.952,5.31439E7
588.279,5.36833E7
588.791,5.3076E7
589.116,5.20038E7
589.442,5.16746E7
589.953,5.37019E7
590.279,5.40445E7
590.604,5.39311E7
591.116,5.40363E7
591.627,5.05027E7
592.256,5.20084E7
592.582,5.33756E7
592.91,6.3072E7
594.325,5.07466E7
595.732,5.2379E7
597.031,5.08325E7
597.357,4.59934E7
597.683,5.00698E7
598.535,5.27558E7
598.859,5.26338E7
599.184,5.2122E7
599.921,1.3015E8
600.246,5.2423E7
600.563,5.66162E7
601.97,5.1565E7
602.365,5.12851E7
603.1,5.24768E7
603.422,4.55073E7
603.744,5.03908E7
604.378,4.88654E7
604.699,5.11626E7
605.021,5.0687E7
605.871,5.28577E7
606.194,5.07099E7
606.516,5.16602E7
607.251,5.46717E7
607.571,5.91487E7
607.892,5.4154E7
608.625,5.46444E7
608.947,5.6892E7
609.271,5.31852E7
609.897,5.3515E7
610.221,5.3714E7
610.545,5.55228E7
611.397,5.56409E7
611.721,5.30502E7
612.045,5.57962E7
612.899,5.40048E7
613.223,5.70954E7
613.545,5.70611E7
614.056,5.81792E7
614.378,5.97745E7
614.7,5.96509E7
615.097,6.12542E7
615.609,5.53942E7
616.008,5.55422E7
616.521,5.37549E7
616.847,5.29352E7
617.173,5.15953E7
617.686,5.22063E7
618.01,5.67666E7
618.333,5.76777E7
619.073,5.73877E7
619.397,5.78174E7
619.721,5.43133E7
620.571,5.20297E7
620.899,5.16036E7
621.225,5.12717E7
621.851,5.26683E7
622.176,5.20419E7
622.5,5.28614E7
622.825,4.96644E7
623.227,5.28756E7
623.553,5.07238E7
623.879,5.10975E7
624.286,4.859E7
624.612,5.18863E7
624.936,5.66295E7
625.26,5.43474E7
625.588,5.22272E7
625.988,5.15642E7
626.387,5.67514E7
627.128,5.58262E7
627.453,5.53347E7
627.777,5.65364E7
628.291,5.26592E7
628.614,5.64478E7
628.938,5.4319E7
629.261,5.50659E7
629.587,5.20396E7
629.987,5.31697E7
630.387,5.05819E7
630.788,5.18749E7
631.301,5.15612E7
631.629,4.98008E7
631.954,5.17491E7
632.281,5.08441E7
632.608,4.95815E7
633.01,4.88848E7
633.412,5.12101E7
633.926,5.0739E7
634.253,5.0688E7
634.58,5.11091E7
634.905,5.17688E7
635.229,5.4361E7
635.631,5.21081E7
635.958,5.1038E7
636.284,5.18321E7
636.798,5.01759E7
637.123,5.17673E7
637.45,5.03305E7
638.19,5.07464E7
638.517,5.10791E7
638.843,5.00879E7
639.468,5.32009E7
639.794,5.2235E7
640.12,5.138E7
640.447,5.04388E7
640.85,4.81598E7
641.592,5.02391E7
641.992,5.39734E7
642.393,4.96497E7
642.908,5.08233E7
643.236,4.77566E7
643.566,4.73987E7
644.196,4.75063E7
644.524,4.87043E7
644.852,4.70227E7
645.181,4.95561E7
645.585,4.89613E7
645.913,4.84435E7
646.24,4.49789E7
646.642,4.97302E7
648.058,4.75647E7
648.688,4.83447E7
649.015,4.61349E7
649.343,5.0159E7
649.669,4.96591E7
650.072,4.76985E7
650.397,5.23468E7
650.723,5.07986E7
651.123,5.08695E7
651.449,5.07258E7
651.777,4.67026E7
652.104,4.79028E7
652.508,4.83254E7
652.911,4.69148E7
653.535,5.30669E7
653.861,4.95031E7
654.187,5.18782E7
654.517,4.86576E7
654.843,5.26713E7
655.245,4.76956E7
655.648,4.77874E7
655.976,4.92429E7
656.301,5.37065E7
656.627,5.13294E7
656.954,5.00063E7
657.692,4.9145E7
658.019,4.81967E7
658.347,4.73826E7
658.676,4.72376E7
659.19,5.29743E7
659.515,5.42064E7
659.841,5.15837E7
660.468,5.18112E7
660.793,5.14003E7
661.12,4.93942E7
661.448,4.76583E7
661.965,4.70731E7
662.294,4.68962E7
662.622,4.85777E7
663.472,5.40803E7
663.798,5.20414E7
664.127,4.60912E7
664.456,4.66032E7
664.785,4.91161E7
665.189,4.79085E7
665.705,4.71633E7
666.033,4.85874E7
666.36,4.98969E7
667.212,5.25985E7
667.54,4.86513E7
667.865,5.36051E7
668.379,5.41711E7
668.706,4.8273E7
669.034,4.82159E7
669.362,4.89936E7
669.99,5.09506E7
670.318,5.30569E7
670.645,5.11787E7
670.971,5.36397E7
671.485,5.38207E7
671.813,4.86453E7
672.14,4.93357E7
672.655,5.12383E7
673.059,4.60721E7
673.799,4.91154E7
674.126,5.40911E7
674.451,5.14643E7
674.854,5.05271E7
675.181,4.93578E7
675.508,5.20427E7
676.255,4.80122E7
676.583,4.892E7
676.91,4.87337E7
677.424,5.80812E7
677.749,5.59997E7
678.075,5.7486E7
678.401,5.19521E7
678.729,5.09746E7
679.355,5.59506E7
679.681,5.2578E7
680.008,5.06545E7
681.084,5.91305E7
681.409,5.22998E7
681.737,5.34494E7
682.14,5.0355E7
682.998,5.07633E7
683.327,5.11885E7
683.654,5.35311E7
684.164,5.77483E7
684.49,4.97462E7
684.814,5.70257E7
685.139,5.75518E7
685.464,5.79147E7
685.789,5.44088E7
686.114,5.63862E7
686.626,5.32818E7
686.953,5.19511E7
687.277,6.14361E7
687.903,5.21055E7
688.229,5.24236E7
688.555,5.15074E7
689.184,4.85764E7
689.513,4.89214E7
689.84,5.19754E7
690.167,5.03872E7
690.794,5.39485E7
691.118,5.52365E7
691.444,5.25521E7
692.408,5.60424E7
692.733,5.51092E7
693.057,5.67609E7
693.383,5.08161E7
694.012,4.90835E7
694.339,4.97219E7
694.666,4.87837E7
695.068,5.1E7
695.47,5.01623E7
695.797,4.99851E7
696.123,5.1124E7
696.449,5.47303E7
696.853,5.3505E7
697.178,5.68436E7
697.502,5.39364E7
697.828,5.30645E7
699.242,5.02424E7
699.984,4.87687E7
700.386,4.85044E7
700.713,4.91421E7
701.04,4.84766E7
701.779,4.91816E7
702.179,5.3189E7
702.808,4.90418E7
703.134,5.06975E7
703.462,4.93046E7
704.088,4.95025E7
704.489,5.20053E7
704.813,5.36067E7
705.327,5.07949E7
705.727,5.59048E7
706.354,4.87053E7
706.683,4.7586E7
707.011,4.81231E7
707.635,5.19618E7
707.963,4.78684E7
708.29,5.03357E7
708.617,4.39114E7
709.246,4.87682E7
709.574,4.85588E7
709.899,4.96788E7
710.527,5.30775E7
710.855,5.18591E7
711.181,5.27478E7
711.583,4.93942E7
712.208,5.27457E7
712.537,4.78209E7
712.866,5.05972E7
713.193,5.21125E7
713.595,4.76607E7
713.924,4.89123E7
714.253,4.70024E7
714.88,4.62963E7
715.209,4.8256E7
715.538,4.74558E7
715.941,4.74826E7
716.269,4.8872E7
716.596,5.12049E7
716.924,5.07427E7
717.324,5.35863E7
717.726,5.08996E7
718.129,4.85728E7
718.457,4.86639E7
719.086,4.79634E7
719.413,4.92814E7
719.742,4.79004E7
720.07,4.96091E7
720.701,4.87312E7
721.03,4.86796E7
721.357,4.93519E7
722.094,5.12169E7
722.422,4.67857E7
722.752,4.81598E7
723.49,4.93617E7
723.818,4.91617E7
724.145,4.92384E7
724.659,4.57745E7
724.987,4.81532E7
725.315,5.16708E7
725.941,5.43379E7
726.267,5.54149E7
726.592,5.21956E7
727.104,5.03836E7
727.433,4.61053E7
727.763,4.57323E7
728.392,4.36167E7
728.721,5.23171E7
729.047,5.21163E7
729.373,5.44403E7
729.998,5.37788E7
730.325,5.07741E7
730.652,5.00509E7
731.053,4.88849E7
731.381,4.67417E7
731.782,5.18926E7
732.108,4.86299E7
732.437,4.31618E7
732.841,4.54579E7
733.17,4.62114E7
733.496,4.99838E7
733.898,4.79347E7
734.228,4.3553E7
734.559,4.3409E7
735.072,5.19118E7
735.398,4.91168E7
735.727,4.5564E7
736.058,4.37324E7
736.387,4.57339E7
736.716,4.89465E7
737.348,4.52234E7
737.676,4.65253E7
738.003,4.91927E7
738.406,4.89287E7
738.734,4.71213E7
739.065,4.59569E7
739.394,4.47674E7
739.723,4.54089E7
740.052,4.71887E7
740.379,4.37188E7
740.706,4.80825E7
741.033,4.82852E7
741.657,4.93904E7
741.984,5.1683E7
742.311,4.72662E7
742.712,4.95322E7
743.039,5.07922E7
743.363,5.39764E7
743.689,5.00882E7
744.092,5.01123E7
744.417,5.21059E7
744.743,5.07072E7
745.07,4.9566E7
745.396,5.16499E7
745.798,5.00077E7
746.128,4.91111E7
746.455,4.08526E7
746.782,4.71095E7
747.297,5.03496E7
747.622,5.68812E7
747.946,5.309E7
748.272,5.16333E7
748.601,4.85254E7
748.928,5.09414E7
749.255,4.98867E7
749.582,5.17332E7
749.908,5.29686E7
750.233,5.35121E7
750.557,5.36658E7
750.882,5.5369E7
751.21,5.16224E7
751.611,5.17657E7
751.937,5.27485E7
752.263,5.37378E7
752.999,6.07061E7
753.323,5.84693E7
753.648,5.33194E7
754.274,4.64205E7
754.604,4.66613E7
754.932,4.81032E7
755.261,4.91211E7
755.584,5.686E7
755.908,5.18387E7
756.234,5.1051E7
756.559,5.30363E7
756.884,5.20353E7
757.21,5.23814E7
757.535,5.2038E7
757.86,5.30414E7
758.185,5.34544E7
758.511,5.25835E7
758.836,5.3527E7
759.16,5.46142E7
759.485,5.46901E7
759.808,5.57607E7
760.132,5.52269E7
760.456,5.58299E7
760.781,5.633E7
761.104,5.62819E7
761.503,5.44129E7
761.826,5.46112E7
762.151,5.58627E7
762.475,5.41016E7
762.799,5.5313E7
763.122,5.0626E7
763.448,5.41784E7
763.772,5.4839E7
764.094,5.49275E7
764.418,5.52007E7
764.742,5.50131E7
765.065,5.52394E7
765.39,5.55122E7
765.713,5.47655E7
766.038,5.72232E7
766.361,5.69525E7
766.684,5.86723E7
767.007,5.76666E7
767.329,5.61978E7
767.652,5.69078E7
767.975,5.64303E7
768.297,5.91853E7
768.62,5.94452E7
768.944,5.63486E7
769.267,5.94658E7
769.588,6.1389E7
769.909,6.24849E7
770.231,6.21578E7
770.552,6.12028E7
770.949,6.17306E7
771.272,5.91787E7
771.595,5.97968E7
771.917,6.06795E7
772.239,6.19043E7
772.56,6.29139E7
772.881,6.15668E7
773.203,6.02884E7
773.524,6.31508E7
773.845,6.26378E7
774.168,6.265E7
774.489,6.36449E7
774.811,6.15055E7
775.133,6.0949E7
775.456,5.79605E7
775.779,5.91E7
776.1,5.91812E7
776.422,5.87843E7
776.746,5.86452E7
777.07,6.1428E7
777.391,6.11111E7
777.713,6.35344E7
778.034,6.32544E7
778.355,6.26032E7
778.676,6.0823E7
778.997,6.36917E7
779.319,5.96996E7
779.641,6.16101E7
779.963,6.3552E7
780.284,6.26938E7
780.606,5.86312E7
780.928,6.23502E7
781.249,6.32153E7
781.569,5.81307E7
781.89,6.33504E7
782.211,6.40808E7
782.533,6.35335E7
782.854,6.24146E7
783.176,5.9759E7
783.497,6.31025E7
783.818,6.08259E7
784.141,5.98464E7
784.462,6.14258E7
784.784,6.19222E7
785.106,6.09141E7
785.43,5.944E7
785.752,6.08178E7
786.074,6.15136E7
786.396,6.08461E7
786.718,6.23999E7
787.039,6.07769E7
787.362,5.83996E7
787.683,5.89664E7
788.006,5.46335E7
788.329,6.24747E7
788.651,5.18299E7
788.973,6.09874E7
789.295,5.92289E7
789.917,5.81056E7
790.24,6.00469E7
790.563,5.98738E7
790.886,5.98664E7
791.207,6.13015E7
791.53,6.04512E7
791.852,5.94198E7
792.173,6.32337E7
792.494,6.40226E7
792.815,6.22004E7
793.137,6.34644E7
793.459,6.0306E7
793.781,5.98503E7
794.103,5.55134E7
794.425,6.17605E7
794.746,6.17244E7
795.255,5.94807E7
795.577,6.26647E7
795.9,6.20801E7
796.223,6.03794E7
796.545,6.01228E7
796.868,5.94597E7
797.191,5.96318E7
797.514,6.01503E7
797.836,5.97022E7
798.16,6.0402E7
798.482,6.11998E7
798.804,5.93872E7
799.126,6.09684E7
799.449,5.91364E7
799.771,5.97373E7
800.097,5.59495E7
800.42,6.02216E7
800.819,5.95176E7
801.141,5.96206E7
801.464,5.94819E7
801.787,5.89197E7
802.109,6.04594E7
802.433,5.8734E7
802.756,5.92449E7
803.078,6.2246E7
803.4,5.88594E7
803.726,5.78279E7
804.049,5.98866E7
804.447,5.96769E7
804.769,5.75988E7
805.093,5.91667E7
805.416,5.92239E7
805.738,6.04371E7
806.061,6.16026E7
806.458,5.95167E7
806.781,6.05581E7
807.103,6.12448E7
807.424,6.32781E7
807.745,6.23306E7
808.067,6.16438E7
808.388,6.2303E7
808.713,5.77687E7
809.036,5.89181E7
809.359,5.97693E7
809.685,6.10688E7
810.007,6.02341E7
810.33,6.00774E7
810.653,5.91127E7
810.976,5.87908E7
811.376,5.8321E7
811.699,5.97394E7
812.022,6.04702E7
812.344,6.0417E7
812.668,5.81483E7
812.99,6.01345E7
813.312,5.8092E7
813.634,5.93047E7
814.034,5.78788E7
814.356,5.86507E7
814.679,5.82817E7
815.002,6.10877E7
815.324,5.96202E7
815.647,5.96332E7
815.97,6.28993E7
816.299,5.47221E7
816.697,6.02845E7
817.02,6.11092E7
817.342,6.02148E7
817.664,6.15581E7
817.986,5.96585E7
818.309,5.87291E7
818.631,6.13156E7
818.953,6.23238E7
819.276,6.07942E7
819.597,6.30271E7
819.919,6.1586E7
820.243,5.99853E7
820.565,5.95305E7
820.888,5.77899E7
821.211,6.07419E7
821.533,6.02204E7
821.856,5.87101E7
822.181,6.01095E7
822.504,6.05302E7
822.827,5.92623E7
823.15,5.86396E7
823.473,6.01298E7
823.795,5.95101E7
824.118,5.86922E7
824.44,5.96188E7
824.763,6.09602E7
825.085,6.20943E7
825.407,6.07693E7
825.729,5.78431E7
826.127,6.09263E7
826.45,6.18639E7
826.772,6.43208E7
827.094,6.14516E7
827.419,5.98401E7
827.817,5.96233E7
828.138,6.09181E7
828.461,5.94479E7
828.783,6.156E7
829.181,5.76494E7
829.503,6.1987E7
829.827,6.1133E7
830.149,6.14264E7
830.473,5.6622E7
830.797,6.11966E7
831.122,5.4166E7
831.448,5.45025E7
831.771,6.33322E7
832.094,6.08344E7
832.493,6.14685E7
832.889,6.19397E7
833.286,6.25316E7
833.609,5.89064E7
833.931,6.20012E7
834.254,6.12551E7
834.576,6.17761E7
834.9,6.20423E7
835.222,6.10845E7
835.543,6.53988E7
835.864,6.34895E7
836.185,6.56116E7
836.506,6.29826E7
836.827,6.38656E7
837.148,6.47359E7
837.47,6.49452E7
837.868,6.30891E7
838.189,6.55912E7
838.511,6.33928E7
838.832,6.27348E7
839.154,6.34831E7
839.55,6.40191E7
839.872,6.5287E7
840.193,6.6054E7
840.514,6.49836E7
840.835,6.51107E7
841.157,6.54973E7
841.478,6.39842E7
841.8,6.27028E7
842.121,6.58897E7
842.443,6.57587E7
842.765,6.32628E7
843.086,6.49263E7
843.407,6.58779E7
843.727,6.65323E7
844.048,6.51564E7
844.37,6.55841E7
844.69,6.63561E7
845.01,6.5537E7
845.331,6.67583E7
845.726,6.62824E7
846.048,5.35337E7
846.367,6.59924E7
846.687,6.82988E7
847.007,6.63605E7
847.326,6.6629E7
847.647,6.56419E7
847.969,6.84526E7
848.288,6.8285E7
848.608,6.78799E7
848.928,6.60703E7
849.249,6.55798E7
849.57,6.03998E7
849.892,6.40056E7
850.213,6.45151E7
850.536,6.70894E7
850.855,6.13469E7
851.176,6.8871E7
851.496,6.75655E7
851.817,6.83036E7
852.137,6.63639E7
852.458,6.59564E7
852.779,6.8104E7
853.1,6.28893E7
853.496,6.71333E7
853.816,6.89249E7
854.136,6.92253E7
854.456,6.87429E7
854.775,6.96364E7
855.095,6.79389E7
855.491,6.77415E7
855.813,6.57622E7
856.134,6.71369E7
856.454,6.6081E7
856.776,6.41407E7
857.097,6.53963E7
857.418,6.73588E7
857.739,6.70034E7
858.06,6.84577E7
858.379,6.89297E7
858.701,6.69388E7
859.022,6.55012E7
859.342,6.66787E7
859.662,6.86645E7
859.983,6.76803E7
860.303,6.29749E7
860.624,6.66524E7
860.945,6.20731E7
861.269,6.37405E7
861.589,6.73355E7
861.909,6.72015E7
862.23,6.73283E7
862.549,6.83473E7
862.871,6.86184E7
863.193,6.42669E7
863.588,6.76066E7
863.91,6.6804E7
864.23,6.82471E7
864.551,6.43827E7
864.871,6.60456E7
865.193,6.59846E7
865.588,6.49996E7
865.909,6.64697E7
866.229,6.72466E7
866.552,6.72287E7
866.948,6.58442E7
867.268,6.57876E7
867.589,6.68522E7
867.911,6.50813E7
868.231,6.62621E7
868.551,6.81722E7
868.872,6.82115E7
869.194,5.8296E7
869.514,6.76455E7
869.834,6.79924E7
870.342,6.56647E7
870.663,6.64673E7
870.982,6.88537E7
871.304,6.83486E7
871.625,6.85886E7
871.945,6.83343E7
872.265,6.76832E7
872.586,6.53254E7
872.907,6.68215E7
873.228,6.7034E7
873.549,6.59902E7
873.87,6.5158E7
874.192,6.67783E7
874.513,6.81867E7
874.833,6.75492E7
875.153,6.89715E7
875.473,6.82329E7
875.793,6.92098E7
876.114,6.64089E7
876.434,6.6774E7
876.754,6.73106E7
877.076,6.53763E7
877.397,6.48668E7
877.718,6.48654E7
878.039,6.83579E7
878.36,6.55903E7
878.68,6.67097E7
879.001,6.6296E7
879.321,6.81558E7
879.642,6.74083E7
879.963,5.56655E7
880.283,6.84011E7
880.602,6.88412E7
880.922,6.93189E7
881.241,6.95551E7
881.562,6.91701E7
881.882,6.79671E7
882.203,6.77488E7
882.524,6.61342E7
882.845,6.75378E7
883.166,6.68676E7
883.487,6.71729E7
883.808,6.74698E7
884.128,6.79138E7
884.449,6.79833E7
884.772,5.60868E7
885.093,6.7554E7
885.414,6.76372E7
885.735,6.75558E7
886.056,6.58725E7
886.376,6.51874E7
886.698,6.72594E7
887.018,6.76057E7
887.339,6.74163E7
887.734,6.77657E7
888.056,6.49124E7
888.377,6.53708E7
888.696,6.94437E7
889.017,6.88712E7
889.337,6.8919E7
889.734,6.373E7
890.055,6.3947E7
890.376,6.79318E7
890.698,6.47559E7
891.019,6.75555E7
891.338,6.42695E7
891.663,6.71682E7
891.984,6.69112E7
892.305,6.64493E7
892.625,6.67745E7
892.946,6.52851E7
893.267,6.67753E7
893.587,6.66634E7
893.913,6.44843E7
894.234,5.16018E7
894.556,6.60237E7
895.065,6.88178E7
895.386,6.57569E7
895.708,6.87617E7
896.028,6.53826E7
896.348,6.95685E7
896.668,6.97826E7
896.991,6.25182E7
897.312,6.33083E7
897.633,6.60404E7
898.029,6.4603E7
898.351,6.75215E7
898.672,6.51724E7
898.997,6.37703E7
899.319,6.55622E7
899.638,6.83939E7
899.959,6.71921E7
900.279,6.92293E7
900.599,6.748E7
900.921,6.63091E7
901.243,6.50077E7
901.563,6.78521E7
901.884,6.53614E7
902.205,6.60173E7
902.526,6.65429E7
903.148,6.49355E7
903.47,6.63778E7
903.791,6.64598E7
904.112,6.6138E7
904.433,6.70688E7
904.754,6.7345E7
905.074,6.82747E7
905.394,6.7752E7
905.717,6.63374E7
906.038,6.54799E7
906.359,6.61092E7
906.68,6.56429E7
907.002,6.67914E7
907.325,6.12838E7
907.647,6.37452E7
907.969,6.59562E7
908.291,5.49393E7
908.614,6.58123E7
908.934,6.72415E7
909.255,6.64756E7
909.575,6.69797E7
909.896,6.57911E7
910.217,6.5793E7
910.538,6.53178E7
910.858,6.76176E7
911.181,6.53695E7
911.502,6.56743E7
911.823,6.50802E7
912.145,6.52754E7
912.465,6.42996E7
912.787,6.49362E7
913.109,6.39558E7
913.43,6.52085E7
913.94,6.47911E7
914.262,6.48792E7
914.584,6.36316E7
914.906,6.488E7
915.228,6.39251E7
915.549,6.48377E7
915.871,6.64832E7
916.192,6.70743E7
916.514,6.74835E7
916.835,6.65466E7
917.157,6.32926E7
917.477,6.55284E7
917.799,6.52651E7
918.121,6.49731E7
918.442,6.51607E7
918.839,6.544E7
919.163,6.46043E7
919.484,6.28977E7
919.806,6.34914E7
920.128,6.47989E7
920.451,6.28387E7
920.772,6.52294E7
921.094,6.38878E7
921.416,6.44242E7
921.738,6.62227E7
922.059,6.58587E7
922.38,6.63632E7
922.701,6.65059E7
923.096,6.76188E7
923.417,6.66334E7
923.739,6.55376E7
924.06,6.58092E7
924.457,6.43831E7
924.778,6.66368E7
925.1,6.465E7
925.421,6.53808E7
925.743,6.70418E7
926.065,6.53283E7
926.385,6.71812E7
926.706,6.56712E7
927.028,6.68802E7
927.348,6.76942E7
927.669,6.69299E7
927.99,6.90647E7
928.31,6.78351E7
928.631,6.78E7
928.952,6.78424E7
929.272,6.61619E7
929.593,6.77553E7
930.219,6.52083E7
930.541,6.41048E7
930.863,6.77628E7
931.185,6.70409E7
931.507,6.52391E7
931.829,6.69081E7
932.149,6.84136E7
932.471,6.76872E7
932.792,6.48254E7
933.114,6.68915E7
933.512,6.5997E7
933.909,6.37154E7
934.232,6.58643E7
934.554,6.48159E7
934.876,6.38945E7
935.2,6.33726E7
935.523,6.17841E7
935.847,6.32754E7
936.169,6.45132E7
936.569,6.34542E7
936.891,6.42929E7
937.213,6.38634E7
937.535,6.44392E7
937.857,6.55691E7
938.179,6.43009E7
938.502,6.31444E7
938.824,6.51931E7
939.147,6.51566E7
939.471,6.43183E7
939.793,6.55445E7
940.115,6.63752E7
940.437,6.41989E7
940.761,5.91461E7
941.16,6.28912E7
941.483,6.07441E7
941.808,6.25845E7
942.131,6.29562E7
942.454,6.36469E7
942.776,6.40374E7
943.098,6.42331E7
943.496,5.65778E7
943.819,6.3651E7
944.141,6.44409E7
944.466,6.4388E7
944.978,6.32654E7
945.301,6.30391E7
945.624,6.40522E7
945.947,6.42487E7
946.269,6.41375E7
946.592,6.39389E7
946.916,6.44412E7
947.238,6.5955E7
947.56,6.45189E7
947.883,6.14995E7
948.206,6.37933E7
948.529,6.26215E7
948.851,6.41268E7
949.174,6.26872E7
949.496,6.48159E7
949.821,6.09034E7
950.144,6.22309E7
950.467,6.29596E7
950.791,6.24185E7
951.114,6.35078E7
951.438,6.28145E7
951.761,6.445E7
952.084,6.18241E7
952.409,6.00963E7
952.732,6.26314E7
953.054,6.40518E7
953.378,6.25075E7
953.701,6.41097E7
954.024,6.25571E7
954.347,6.26964E7
954.67,6.24096E7
954.993,6.28573E7
955.317,6.30466E7
955.715,6.26282E7
956.113,6.18155E7
956.437,6.2599E7
956.76,6.23667E7
957.084,6.16676E7
957.708,6.09369E7
958.032,6.04512E7
958.356,6.07503E7
958.68,6.05312E7
959.004,6.08652E7
959.328,6.15294E7
959.728,6.12308E7
960.052,6.06362E7
960.376,6.12477E7
960.7,6.16164E7
961.024,6.03604E7
961.423,6.22632E7
961.823,6.1855E7
962.147,6.10587E7
962.471,6.1534E7
962.794,6.14566E7
963.117,6.17968E7
963.441,6.15229E7
963.765,6.12808E7
964.089,6.15996E7
964.413,6.36731E7
964.737,6.26646E7
965.06,6.33207E7
965.384,6.1376E7
965.708,6.03846E7
966.033,6.10154E7
966.357,6.09955E7
966.681,6.00149E7
967.004,6.0709E7
967.328,6.25397E7
967.653,5.95936E7
968.052,6.03871E7
968.376,6.10284E7
968.701,6.11226E7
969.026,5.81354E7
969.352,5.78686E7
969.677,5.89782E7
970.078,5.86624E7
970.402,6.06421E7
970.726,5.88324E7
971.051,5.87006E7
971.377,5.75995E7
971.702,5.82694E7
972.027,5.93825E7
972.352,5.78273E7
972.679,5.79487E7
973.079,6.00021E7
973.403,5.94724E7
973.728,5.78851E7
974.053,5.77023E7
974.379,5.65343E7
974.705,5.55354E7
975.031,5.77122E7
975.357,5.97278E7
975.683,5.73958E7
976.009,5.64816E7
976.335,5.62276E7
976.661,5.66843E7
976.987,5.28625E7
977.314,5.25699E7
977.717,5.48685E7
978.12,5.2492E7
978.449,4.62582E7
979.31,4.13578E7
979.652,4.32371E7
979.992,5.13627E7
981.404,8.76831E7
981.724,9.8106E7
982.039,1.22722E8
983.444,1.14104E8
983.944,1.27E8
985.343,1.65007E8
986.634,1.59706E8
986.943,1.79916E8
987.252,1.95753E8
988.647,1.73311E8
990.054,1.18136E8
990.552,1.29046E8
991.948,1.13345E8
992.336,1.1623E8
993.74,1.14555E8
995.146,1.23995E8
995.536,1.14618E8
996.934,1.60479E8
998.329,1.46185E8
999.726,1.43725E8
1001.13,1.41842E8
1002.52,1.47222E8
1003.92,1.19949E8
1005.32,1.13714E8
1006.72,9.73034E7
1008.13,7.88706E7
1009.53,7.61449E7
1010.93,8.65343E7
1012.34,8.97066E7
1013.74,9.99548E7
1015.13,1.09596E8
1016.61,1.22905E8
1018.0,1.15249E8
1019.39,9.82565E7
1020.78,1.00121E8
1022.17,1.03522E8
1023.56,1.17769E8
1024.94,1.46491E8
1026.33,1.96613E8
1027.71,2.63049E8
1029.1,3.02514E8
1030.48,3.84608E8
1031.87,4.40431E8
1033.26,5.59984E8
1034.65,6.41474E8
1036.04,7.30503E8
1037.43,7.82432E8
1038.81,8.54525E8
1040.19,6.71406E8
1041.57,4.77726E8
1042.95,3.44618E8
1044.33,2.56021E8
1045.72,1.96866E8
1047.11,1.7034E8
1048.27,1.54854E8
1048.65,1.61658E8
1050.04,1.61953E8
1051.43,1.65711E8
1052.81,1.76039E8
1054.2,2.01903E8
1055.58,2.48173E8
1056.97,2.85101E8
1058.35,2.70566E8
1059.73,2.47463E8
1061.08,2.31568E8
1062.46,2.34623E8
1063.85,2.3474E8
1065.23,2.20752E8
1066.61,2.25753E8
1068.0,1.97784E8
1069.38,1.83449E8
1070.77,1.81233E8
1072.24,1.78938E8
1073.63,1.80199E8
1075.01,1.8155E8
1076.39,1.7616E8
1077.77,1.87074E8
1079.15,2.31015E8
1080.54,2.45565E8
1081.93,2.61448E8
1083.24,2.88446E8
1084.62,2.85871E8
1086.0,3.13214E8
1087.38,3.12608E8
1088.77,3.19642E8
1090.15,3.43796E8
1091.53,3.71668E8
1092.91,4.03739E8
1094.29,4.64521E8
1095.67,5.63296E8
1097.03,5.79825E8
1098.42,6.08037E8
1099.8,6.34846E8
1101.26,6.16113E8
1102.64,6.24537E8
1104.02,5.83767E8
1105.41,4.98952E8
1106.79,4.93015E8
1108.18,4.70866E8
1109.54,4.37232E8
1110.92,4.93736E8
1112.3,5.22891E8
1113.68,6.96858E8
1115.04,8.85948E8
1116.42,9.94146E8
1117.8,1.02002E9
1119.19,9.17539E8
1120.57,8.54356E8
1121.92,8.7854E8
1123.3,9.72954E8
1124.68,1.04209E9
1126.07,9.17526E8
1127.41,8.17699E8
1128.75,7.22038E8
1130.14,6.50517E8
1131.52,6.49383E8
1132.9,6.09033E8
1134.27,5.47506E8
1135.66,5.62059E8
1137.0,5.88865E8
1138.38,6.76603E8
1139.72,8.98438E8
1141.11,1.71614E9
1142.38,2.52319E9
1143.65,3.24642E9
1145.0,3.60459E9
1146.33,3.87958E9
1147.71,3.89221E9
1149.1,3.50808E9
1150.48,2.82166E9
1151.75,2.47912E9
1152.13,2.40002E9
1153.5,1.90684E9
1154.88,1.68944E9
1156.26,1.38606E9
1156.64,1.42254E9
1158.02,1.25288E9
1159.4,1.16336E9
1160.78,1.21136E9
1162.14,1.2903E9
1163.52,1.47684E9
1164.86,1.96494E9
1166.19,1.81448E9
1167.57,1.67223E9
1168.95,1.43954E9
1170.34,1.27459E9
1171.71,1.03936E9
1173.02,8.86811E8
1174.4,7.75301E8
1175.75,7.35345E8
1177.1,7.39004E8
1178.42,7.6333E8
1179.8,7.74117E8
1181.18,8.00234E8
1182.57,9.18879E8
1183.95,1.01597E9
1185.34,1.01186E9
1186.72,1.10808E9
1188.1,1.24124E9
1189.48,1.15106E9
1190.87,1.17286E9
1192.17,1.20702E9
1193.56,1.13525E9
1194.94,1.00858E9
1196.32,9.78727E8
1197.79,9.51698E8
1199.18,8.71604E8
1200.55,9.29224E8
1201.94,9.55745E8
1203.32,1.09045E9
1204.66,1.16775E9
1205.99,1.25229E9
1207.35,1.32639E9
1208.73,1.29947E9
1210.1,1.18601E9
1211.48,1.0352E9
1212.87,9.26733E8
1214.25,7.73017E8
1215.64,6.86814E8
1217.02,6.51747E8
1218.37,6.76211E8
1219.72,7.59887E8
1221.1,7.28787E8
1222.48,7.90151E8
1223.8,7.47576E8
1225.18,6.47842E8
1226.5,6.77638E8
1227.89,5.73537E8
1229.38,5.87045E8
1230.78,6.19485E8
1232.16,7.22576E8
1233.54,7.97649E8
1234.92,8.43967E8
1236.29,1.01287E9
1237.66,1.08664E9
1239.04,1.11434E9
1240.38,1.20123E9
1241.73,1.09197E9
1243.08,1.06518E9
1244.42,1.01881E9
1245.77,9.56396E8
1247.16,9.63425E8
1248.54,9.45943E8
1249.92,8.87581E8
1251.3,8.93019E8
1252.67,9.08038E8
1254.06,9.94882E8
1255.4,1.08689E9
1256.84,1.20464E9
1258.22,1.2562E9
1259.61,1.28158E9
1260.99,1.30089E9
1262.38,1.38043E9
1263.73,1.3563E9
1265.11,1.4316E9
1266.46,1.35241E9
1267.81,1.39392E9
1269.19,1.602E9
1270.57,1.81621E9
1271.95,1.83264E9
1273.34,1.91706E9
1274.71,1.70119E9
1276.07,1.53527E9
1277.41,1.36047E9
1278.79,1.19224E9
1280.17,1.13169E9
1281.56,1.03712E9
1282.94,1.03038E9
1284.29,1.09577E9
1285.65,1.22362E9
1286.99,1.32812E9
1288.45,1.68099E9
1289.8,1.59129E9
1291.16,1.65025E9
1292.54,1.67551E9
1293.88,1.76815E9
1295.26,1.48371E9
1296.65,1.37609E9
1298.03,1.38448E9
1299.42,1.30483E9
1300.73,1.2135E9
1302.1,1.25814E9
1303.46,1.22481E9
1304.8,1.45924E9
1306.11,1.46319E9
1307.43,1.52698E9
1308.77,1.63365E9
1310.11,1.61493E9
1311.42,1.83466E9
1312.81,1.85592E9
1314.19,2.08043E9
1315.57,2.28968E9
1316.91,2.25841E9
1318.29,2.35551E9
1319.69,2.23995E9
1321.07,2.07444E9
1322.39,1.88283E9
1323.81,1.75632E9
1325.13,1.73348E9
1326.46,1.73976E9
1327.76,1.73784E9
1329.11,1.65883E9
1330.44,1.76605E9
1331.79,1.96574E9
1333.18,1.824E9
1334.52,1.86606E9
1335.9,1.78396E9
1337.29,1.63335E9
1338.66,1.5732E9
1340.0,1.43933E9
1341.28,1.42035E9
1342.59,1.47823E9
1343.93,1.72181E9
1345.24,1.79356E9
1346.59,1.60424E9
1347.93,1.63151E9
1349.32,1.59265E9
1350.61,1.66598E9
1351.92,1.53074E9
1353.3,1.69185E9
1354.65,1.47504E9
1356.04,1.4099E9
1357.39,1.38837E9
1358.73,1.35887E9
1360.12,1.46209E9
1361.46,1.66563E9
1362.81,1.95835E9
1364.09,2.26496E9
1365.43,2.28623E9
1366.78,2.33035E9
1368.17,2.06079E9
1369.52,1.89121E9
1370.87,1.88477E9
1372.22,1.91838E9
1373.58,2.03686E9
1374.91,2.1134E9
1376.21,2.12934E9
1377.55,2.32289E9
1378.9,2.62675E9
1380.25,2.56496E9
1381.63,2.84031E9
1383.02,2.91503E9
1384.4,2.74289E9
1385.79,2.57927E9
1387.17,2.49364E9
1388.56,2.17097E9
1389.79,1.98822E9
1391.18,1.80846E9
1392.56,1.57424E9
1393.95,1.42767E9
1395.3,1.27723E9
1396.68,1.20447E9
1397.99,1.11486E9
1399.38,1.26487E9
1400.73,1.11427E9
1402.07,1.15387E9
1403.37,1.22842E9
1404.76,1.36073E9
1406.12,1.55693E9
1407.37,1.84397E9
1408.66,1.9479E9
1410.05,1.97767E9
1411.39,2.04243E9
1412.77,1.97634E9
1414.08,1.97955E9
1415.46,1.71903E9
1416.84,1.45474E9
1418.22,1.36046E9
1419.6,1.3273E9
1420.98,1.25961E9
1422.33,1.2398E9
1423.68,1.3205E9
1425.04,1.31597E9
1426.39,1.50065E9
1427.68,1.59189E9
1429.01,1.72471E9
1430.4,1.92614E9
1431.79,1.92445E9
1433.26,2.19095E9
1434.53,2.29913E9
1435.84,2.18319E9
1437.19,2.13116E9
1438.54,2.10274E9
1439.93,2.01441E9
1441.27,2.00075E9
1442.66,2.07295E9
1444.01,1.80383E9
1445.39,1.88621E9
1446.75,1.84949E9
1448.07,1.89463E9
1449.41,1.95018E9
1450.76,1.95174E9
1452.15,1.85888E9
1453.49,1.8691E9
1454.88,1.91304E9
1456.2,1.99307E9
1457.59,2.10986E9
1458.94,2.28441E9
1460.32,2.47232E9
1461.67,2.46538E9
1462.94,2.39626E9
1464.33,2.3239E9
1465.64,2.38782E9
1466.97,2.16391E9
1468.32,1.89138E9
1469.66,1.76031E9
1471.03,1.64694E9
1472.38,1.57602E9
1473.77,1.46191E9
1475.16,1.34158E9
1476.54,1.23764E9
1477.89,1.21018E9
1479.28,1.2611E9
1480.59,1.14491E9
1481.91,1.22147E9
1483.2,1.28628E9
1484.52,1.34984E9
1485.9,1.50237E9
1487.19,1.7935E9
1488.52,2.04184E9
1489.87,2.40913E9
1491.17,2.64363E9
1492.5,2.70772E9
1493.85,2.8949E9
1495.12,3.1638E9
1496.44,3.15754E9
1497.79,3.31074E9
1499.17,3.01422E9
1500.55,2.99268E9
1501.8,2.97533E9
1503.2,2.89278E9
1504.59,3.14382E9
1505.97,3.09388E9
1507.25,3.40927E9
1508.61,3.97971E9
1509.85,4.49162E9
1511.2,5.10062E9
1512.56,5.44764E9
1513.91,5.80878E9
1515.3,5.72203E9
1516.64,5.45605E9
1517.95,5.21695E9
1519.33,4.64616E9
1520.7,4.30005E9
1522.06,3.84255E9
1523.44,3.81294E9
1524.79,3.09515E9
1526.14,2.77046E9
1527.52,2.50908E9
1528.9,2.17513E9
1530.29,1.97849E9
1531.68,1.82003E9
1532.98,1.72476E9
1534.34,1.65058E9
1535.73,1.65332E9
1537.11,1.60299E9
1538.45,1.67632E9
1539.84,1.67131E9
1541.19,1.80867E9
1542.53,1.86203E9
1543.8,1.9308E9
1545.18,1.97263E9
1546.56,1.9274E9
1547.91,1.94834E9
1549.35,1.95076E9
1550.74,2.20548E9
1552.01,2.07952E9
1553.4,2.12279E9
1554.72,2.02023E9
1556.09,2.06533E9
1557.48,1.9021E9
1558.75,1.79745E9
1560.13,1.66447E9
1561.44,1.62827E9
1562.82,1.56288E9
1564.18,1.46456E9
1565.56,1.46456E9
1566.94,1.46624E9
1568.33,1.46426E9
1569.68,1.5576E9
1571.07,1.51001E9
1572.45,1.45196E9
1573.83,1.41835E9
1575.12,1.38616E9
1576.49,1.33636E9
1577.88,1.40328E9
1579.22,1.3751E9
1580.72,1.48286E9
1582.18,1.53948E9
1583.46,1.61271E9
1584.84,1.65522E9
1586.18,1.75452E9
1587.56,1.90332E9
1588.97,2.30975E9
1590.28,2.65379E9
1591.63,3.2754E9
1592.95,4.5793E9
1594.32,5.23681E9
1595.63,5.39114E9
1596.95,5.68081E9
1598.29,5.27062E9
1599.67,5.03904E9
1601.06,4.80728E9
1602.44,4.44112E9
1603.84,4.38465E9
1604.32,4.33146E9
1605.63,4.05384E9
1606.98,3.7603E9
1608.22,3.64339E9
1609.58,3.18417E9
1610.89,3.0311E9
1612.19,2.85252E9
1613.56,2.59897E9
1614.88,2.40276E9
1616.23,2.14171E9
1617.52,1.90942E9
1618.86,1.75317E9
1620.24,1.65452E9
1621.48,1.57328E9
1622.87,1.4344E9
1624.25,1.36665E9
1625.57,1.31055E9
1626.92,1.33639E9
1628.27,1.33549E9
1629.61,1.3787E9
1631.0,1.37423E9
1632.38,1.41527E9
1633.77,1.33027E9
1635.16,1.36694E9
1636.51,1.35805E9
1637.9,1.40794E9
1639.17,1.46617E9
1640.48,1.58535E9
1641.82,1.64734E9
1643.18,1.76573E9
1644.56,1.76034E9
1645.94,1.84328E9
1647.26,1.8576E9
1648.64,1.7288E9
1649.96,1.61978E9
1651.31,1.5729E9
1652.65,1.48152E9
1654.04,1.5358E9
1655.42,1.46401E9
1656.74,1.36313E9
1658.09,1.28443E9
1659.46,1.25929E9
1660.77,1.22297E9
1662.1,1.32574E9
1663.58,1.41877E9
1664.96,1.50869E9
1666.31,1.98895E9
1667.68,1.75362E9
1669.06,1.94946E9
1670.4,2.0984E9
1671.61,2.34665E9
1672.91,2.43102E9
1674.29,2.55776E9
1675.64,2.53382E9
1676.98,2.51041E9
1678.27,2.45994E9
1679.62,2.5461E9
1680.97,2.42145E9
1682.32,2.35334E9
1683.67,2.24434E9
1685.06,2.0784E9
1686.46,2.1075E9
1687.84,1.85731E9
1689.23,1.74924E9
1690.62,1.67843E9
1691.96,1.54821E9
1693.35,1.48049E9
1694.66,1.38116E9
1696.05,1.33118E9
1697.44,1.30391E9
1698.81,1.26261E9
1700.2,1.22605E9
1701.58,1.20039E9
1702.93,1.08346E9
1704.31,1.129E9
1705.69,1.13059E9
1707.04,1.08683E9
1708.38,1.12949E9
1709.77,1.1555E9
1711.16,1.20862E9
1712.55,1.37741E9
1713.93,1.20802E9
1715.33,1.87372E9
1716.71,2.1396E9
1718.04,2.22681E9
1719.42,2.44817E9
1720.8,2.2413E9
1722.14,2.28722E9
1723.53,1.90253E9
1724.91,1.8136E9
1726.3,1.59767E9
1727.68,1.44996E9
1729.03,1.36018E9
1730.38,1.29174E9
1731.72,1.28431E9
1733.09,1.22504E9
1734.47,1.17028E9
1735.83,1.17953E9
1737.21,1.20595E9
1738.56,1.20655E9
1739.92,1.33602E9
1741.24,1.24877E9
1742.59,1.2598E9
1743.98,1.38889E9
1745.32,1.46968E9
1746.7,1.565E9
1748.07,1.70428E9
1749.37,1.6857E9
1750.68,1.81271E9
1752.07,1.90961E9
1753.45,1.99599E9
1754.79,2.06965E9
1756.14,2.18518E9
1757.53,2.11845E9
1758.83,2.15431E9
1760.19,2.09559E9
1761.57,1.89146E9
1762.88,1.96994E9
1764.2,2.33358E9
1765.58,3.0929E9
1766.83,3.28228E9
1768.22,3.65604E9
1769.58,3.78176E9
1770.91,3.98403E9
1772.27,3.65832E9
1773.65,3.44588E9
1775.01,3.24278E9
1776.4,3.14169E9
1777.78,2.9128E9
1779.15,2.57202E9
1780.61,2.28208E9
1781.99,1.9455E9
1783.36,1.8872E9
1784.65,1.65832E9
1786.04,1.56962E9
1787.33,1.6311E9
1788.67,1.51278E9
1790.05,1.49922E9
1791.42,1.43983E9
1792.81,1.45529E9
1794.09,1.49571E9
1795.44,1.41999E9
1796.78,1.27358E9
1798.13,1.24556E9
1799.48,1.19049E9
1800.87,1.15866E9
1802.22,1.13081E9
1803.57,1.26719E9
1804.95,1.28675E9
1806.4,1.3891E9
1807.76,1.49486E9
1809.12,1.54152E9
1810.43,1.51776E9
1811.78,1.65476E9
1813.13,1.53087E9
1814.48,1.49711E9
1815.86,1.37433E9
1817.25,1.3609E9
1818.63,1.37722E9
1820.02,1.38485E9
1821.32,1.47244E9
1822.7,1.57639E9
1824.05,1.56832E9
1825.4,1.67087E9
1826.75,1.79177E9
1828.13,1.82314E9
1829.49,1.77647E9
1830.85,1.76555E9
1832.19,1.73569E9
1833.58,1.6835E9
1834.93,1.57858E9
1836.28,1.41998E9
1837.63,1.36156E9
1839.02,1.27025E9
1840.4,1.14624E9
1841.71,1.09172E9
1843.14,1.16335E9
1844.5,1.1855E9
1845.88,1.34642E9
1847.21,1.43977E9
1848.58,1.5918E9
1849.9,1.73826E9
1851.27,1.70751E9
1852.66,1.7607E9
1854.04,1.76962E9
1855.43,1.81367E9
1856.78,1.76804E9
1858.14,1.81247E9
1859.52,1.90502E9
1860.9,1.9095E9
1862.25,1.90385E9
1863.6,1.95977E9
1864.93,1.95911E9
1866.26,1.8926E9
1867.64,1.88047E9
1869.02,1.74791E9
1870.38,1.71383E9
1871.76,1.61788E9
1873.14,1.59205E9
1874.52,1.62583E9
1875.86,1.7222E9
1877.14,1.69461E9
1878.53,1.75517E9
1879.89,1.84895E9
1881.25,1.82298E9
1882.6,1.7948E9
1883.98,1.94522E9
1885.29,1.87131E9
1886.61,1.96161E9
1887.99,2.02451E9
1889.34,2.18494E9
1890.69,2.4931E9
1892.03,2.83924E9
1893.42,3.14597E9
1894.8,3.5772E9
1896.14,3.87164E9
1897.49,4.15884E9
1898.88,4.44707E9
1900.23,4.72695E9
1901.61,4.95792E9
1902.95,5.01269E9
1904.34,4.82193E9
1905.72,4.56133E9
1907.06,4.33562E9
1908.43,4.01355E9
1909.89,3.858E9
1911.24,3.6339E9
1912.63,3.7857E9
1914.01,3.55693E9
1915.32,3.39084E9
1916.66,3.49979E9
1918.04,3.71963E9
1919.47,3.34568E9
1920.81,3.23294E9
1922.16,3.21444E9
1923.51,3.24414E9
1924.86,3.16336E9
1926.24,3.04144E9
1927.59,2.83525E9
1928.94,2.74873E9
1930.32,2.58668E9
1931.7,2.54324E9
1933.06,2.36809E9
1934.45,2.33949E9
1935.83,2.28779E9
1937.21,2.52618E9
1938.47,2.59357E9
1939.86,2.83196E9
1941.24,3.00869E9
1942.46,3.16583E9
1943.85,3.12698E9
1945.19,3.33082E9
1946.52,3.2665E9
1947.9,2.9994E9
1949.29,2.90806E9
1950.67,2.82481E9
1952.05,2.81313E9
1953.33,2.74628E9
1954.63,2.69994E9
1955.98,2.73658E9
1957.32,2.73165E9
1958.67,3.0992E9
1960.02,3.11126E9
1961.35,3.25251E9
1962.71,3.61318E9
1964.05,3.74942E9
1965.43,3.82921E9
1966.76,3.6468E9
1968.09,3.44825E9
1969.44,3.67671E9
1970.8,3.44853E9
1972.19,3.07659E9
1973.59,2.95973E9
1974.94,2.93041E9
1976.23,3.41311E9
1977.62,2.95088E9
1978.93,3.08012E9
1980.24,3.10464E9
1981.62,3.44097E9
1983.01,3.30224E9
1984.4,2.80733E9
1985.76,2.65822E9
1987.11,2.68857E9
1988.5,2.50265E9
1989.83,2.74223E9
1991.18,2.39331E9
1992.53,2.28157E9
1993.9,2.35799E9
1995.25,2.5563E9
1996.64,2.19348E9
1997.99,2.13967E9
1999.35,2.09978E9
2000.73,2.35154E9
2002.01,2.387E9
2003.39,2.22642E9
2004.72,2.27506E9
2006.07,2.25012E9
2007.53,2.3109E9
2008.91,2.45727E9
2010.23,2.50252E9
2011.62,2.58751E9
2013.0,2.57966E9
2014.36,2.71659E9
2015.74,2.90987E9
2017.11,2.98466E9
2018.49,3.08111E9
2019.88,3.31534E9
2021.27,3.24335E9
2022.69,3.25688E9
2024.05,3.14422E9
2025.43,3.14749E9
2026.8,2.86074E9
2028.18,2.71759E9
2029.53,2.59685E9
2030.93,2.44864E9
2032.26,2.29702E9
2033.62,2.12049E9
2035.01,2.05021E9
2036.39,1.93642E9
2037.78,1.85658E9
2039.11,1.77467E9
2040.44,1.64878E9
2041.76,1.62636E9
2043.07,1.5969E9
2044.45,1.50056E9
2045.84,1.54776E9
2047.22,1.40062E9
2048.61,1.38781E9
2049.99,1.29095E9
2051.35,1.28887E9
2052.74,1.49738E9
2054.06,1.29564E9
2055.45,1.28332E9
2056.82,1.2442E9
2058.2,1.20788E9
2059.59,1.19776E9
2060.98,1.19824E9
2062.36,1.2159E9
2063.74,1.24874E9
2065.07,1.2965E9
2066.44,1.39541E9
2067.72,1.46349E9
2069.09,1.52501E9
2070.48,1.66579E9
2071.83,1.72982E9
2073.22,1.79516E9
2074.52,1.89428E9
2075.84,1.93478E9
2077.16,1.99396E9
2078.54,2.08718E9
2079.88,2.06642E9
2081.24,2.1229E9
2082.57,2.3641E9
2083.93,2.39439E9
2085.28,2.98668E9
2086.6,3.14221E9
2087.95,3.31872E9
2089.33,3.64388E9
2090.72,3.75009E9
2092.11,3.74539E9
2093.49,3.7141E9
2094.87,3.50957E9
2096.22,3.39315E9
2097.6,3.09026E9
2098.99,2.96659E9
2100.36,2.78248E9
2101.71,2.57536E9
2103.05,2.34923E9
2104.39,2.15761E9
2105.71,1.99201E9
2107.04,1.85172E9
2108.39,1.77332E9
2109.77,1.6334E9
2111.16,1.71715E9
2112.46,1.5539E9
2113.81,1.51698E9
2115.19,1.55358E9
2116.59,1.47392E9
2117.98,1.49055E9
2119.25,1.4811E9
2120.61,1.51691E9
2122.0,1.46787E9
2123.38,1.40791E9
2124.76,1.38889E9
2126.14,1.32309E9
2127.53,1.2735E9
2128.91,1.23745E9
2130.25,1.21297E9
2131.6,1.19966E9
2132.99,1.32311E9
2134.37,1.2049E9
2135.65,1.18325E9
2137.03,1.16406E9
2138.38,1.17337E9
2139.72,1.22861E9
2141.1,1.28598E9
2142.48,1.35486E9
2143.87,1.51988E9
2145.24,1.7772E9
2146.61,2.03976E9
2147.96,2.24904E9
2149.33,2.42421E9
2150.67,2.5983E9
2152.06,2.80525E9
2153.44,2.55851E9
2154.82,2.55726E9
2156.2,2.63424E9
2157.58,2.41381E9
2158.96,2.29784E9
2160.34,2.28139E9
2161.68,2.1433E9
2163.03,1.95489E9
2164.37,2.03027E9
2165.75,1.73262E9
2167.1,1.66976E9
2168.38,1.62728E9
2169.75,1.64893E9
2171.1,1.62753E9
2172.49,1.56981E9
2173.96,1.67834E9
2175.29,1.6037E9
2176.67,1.74272E9
2178.04,1.71625E9
2179.34,1.90022E9
2180.73,1.93663E9
2182.08,2.03938E9
2183.43,2.19594E9
2184.78,2.35762E9
2186.17,2.57521E9
2187.51,2.6512E9
2188.85,2.84495E9
2190.24,2.90422E9
2191.59,2.98212E9
2192.97,3.02595E9
2194.35,3.17033E9
2195.7,2.99078E9
2197.08,3.01854E9
2198.47,3.29342E9
2199.81,3.00104E9
2201.2,2.74432E9
2202.58,2.45886E9
2203.94,2.47197E9
2205.28,2.32946E9
2206.62,2.16679E9
2208.01,2.27089E9
2209.39,2.08239E9
2210.77,2.15251E9
2212.15,2.28998E9
2213.54,2.46903E9
2214.93,2.39926E9
2216.27,2.45984E9
2217.62,2.33829E9
2218.96,2.43625E9
2220.34,2.38992E9
2221.69,2.50096E9
2222.99,2.36288E9
2224.37,2.54617E9
2225.72,2.54642E9
2227.07,2.60039E9
2228.46,9.91482E7
2229.85,2.88881E9
2231.19,2.96311E9
2232.57,2.93845E9
2233.86,3.63644E9
2235.21,3.45649E9
2236.58,3.97085E9
2237.9,4.45214E9
2239.25,5.00365E9
2240.54,5.11161E9
2241.89,5.32786E9
2243.24,5.30049E9
2244.58,5.3587E9
2245.96,5.28956E9
2247.35,5.08576E9
2248.71,4.90604E9
2250.09,4.65291E9
2251.48,4.24129E9
2252.87,3.97759E9
2254.14,3.68632E9
2255.53,3.67554E9
2256.91,3.20385E9
2258.3,3.07674E9
2259.68,2.82834E9
2261.02,2.62871E9
2262.35,2.42626E9
2263.7,2.35775E9
2265.15,2.26698E9
2266.47,2.22992E9
2267.85,2.28979E9
2269.17,2.40606E9
2270.55,2.3325E9
2271.91,2.42617E9
2273.2,2.42048E9
2274.59,2.27844E9
2275.97,2.19002E9
2277.31,1.99159E9
2278.68,1.86092E9
2280.07,1.82646E9
2281.46,1.55603E9
2282.81,1.57771E9
2284.18,1.28611E9
2285.53,1.27357E9
2286.87,1.2228E9
2288.22,1.17797E9
2289.57,1.23926E9
2290.95,1.28088E9
2292.33,1.37501E9
2293.64,1.44386E9
2295.03,1.49761E9
2296.41,1.56522E9
2297.8,1.60825E9
2299.18,1.69346E9
2300.57,1.76272E9
2301.95,1.82303E9
2303.33,1.90977E9
2304.66,2.08332E9
2306.05,2.15132E9
2307.44,2.1712E9
2308.83,2.13284E9
2310.21,2.12828E9
2311.52,2.10244E9
2312.83,2.14492E9
2314.2,2.20583E9
2315.59,2.24424E9
2316.94,2.37764E9
2318.29,2.49909E9
2319.67,2.39767E9
2321.06,2.55289E9
2322.33,2.39724E9
2323.71,2.32147E9
2325.1,2.26145E9
2326.48,1.98327E9
2327.86,1.87703E9
2329.25,1.72065E9
2330.61,1.58248E9
2331.96,1.48844E9
2333.34,1.3934E9
2334.69,1.41339E9
2335.97,1.31012E9
2337.33,1.32778E9
2338.7,1.47479E9
2340.05,1.35272E9
2341.43,1.39736E9
2342.79,1.42161E9
2344.18,1.45647E9
2345.57,1.50484E9
2346.96,1.30509E9
2348.33,1.26856E9
2349.67,1.43469E9
2351.05,1.18551E9
2352.44,1.18378E9
2353.83,1.15118E9
2355.22,1.19008E9
2356.51,1.13142E9
2357.89,1.22891E9
2359.24,1.1387E9
2360.59,1.16858E9
2361.97,1.19181E9
2363.36,1.21043E9
2364.71,1.26918E9
2366.06,1.35606E9
2367.44,1.48676E9
2368.82,1.4789E9
2370.21,1.53438E9
2371.56,1.64041E9
2372.94,1.76295E9
2374.32,1.81812E9
2375.71,1.90109E9
2377.09,1.95789E9
2378.48,2.02199E9
2379.82,2.02003E9
2381.14,1.97764E9
2382.53,2.05028E9
2383.91,1.71113E9
2385.28,1.67445E9
2386.61,1.5355E9
2387.99,1.42838E9
2389.31,1.42905E9
2390.69,1.43012E9
2392.08,1.46956E9
2393.46,1.41055E9
2394.85,1.61314E9
2396.2,1.46968E9
2397.55,1.51425E9
2398.93,1.55495E9
2400.32,1.4971E9
2401.7,1.52913E9
2403.08,1.65341E9
2404.47,1.83266E9
2405.82,2.16605E9
2407.17,2.89296E9
2408.47,3.53277E9
2409.78,4.58647E9
2411.13,4.95763E9
2412.52,5.11811E9
2413.86,4.89932E9
2415.24,5.07291E9
2416.58,4.25241E9
2417.97,3.9607E9
2419.34,3.74261E9
2420.69,3.42934E9
2422.07,3.08058E9
2423.45,2.82584E9
2424.83,2.82993E9
2426.18,2.62453E9
2427.53,2.53076E9
2428.87,2.27E9
2430.26,2.33712E9
2431.64,2.19401E9
2432.99,2.10067E9
2434.35,2.34798E9
2435.74,2.04046E9
2437.12,2.08975E9
2438.5,2.18588E9
2439.85,2.59865E9
2441.24,2.87197E9
2442.62,3.3184E9
2443.97,3.58706E9
2445.32,3.95951E9
2446.7,4.25114E9
2448.09,4.12495E9
2449.48,4.53597E9
2450.86,4.94925E9
2452.24,4.94152E9
2453.62,4.90133E9
2455.01,4.52112E9
2456.39,4.31003E9
2457.74,4.18629E9
2459.13,3.77472E9
2460.48,3.8563E9
2461.86,3.30003E9
2463.24,3.06918E9
2464.58,2.75428E9
2465.96,2.80642E9
2467.34,2.54221E9
2468.7,2.32055E9
2470.08,2.28141E9
2471.47,2.2357E9
2472.85,2.2583E9
2474.23,2.21469E9
2475.62,2.39541E9
2476.98,2.38111E9
2478.34,2.31026E9
2479.73,2.2577E9
2481.02,2.15299E9
2482.37,2.19554E9
2483.75,2.06469E9
2485.11,2.0627E9
2486.5,1.90074E9
2487.88,1.73832E9
2489.24,1.65785E9
2490.62,1.55685E9
2491.97,1.45174E9
2493.35,1.42533E9
2494.75,1.23208E9
2496.1,1.23163E9
2497.47,1.16552E9
2498.86,1.13814E9
2500.25,1.07501E9
2501.64,1.0862E9
2503.01,1.12267E9
2504.4,1.08781E9
2505.78,1.13507E9
2507.17,1.12781E9
2508.56,1.19885E9
2509.95,1.18962E9
2511.3,1.07595E9
2512.69,1.09193E9
2514.08,1.10289E9
2515.42,1.16615E9
2516.78,1.17414E9
2518.11,1.1475E9
2519.44,1.15604E9
2520.83,1.19013E9
2522.18,1.37833E9
2523.49,1.2541E9
2524.87,1.35428E9
2526.22,1.45112E9
2527.6,1.62523E9
2528.97,1.81749E9
2530.36,1.72198E9
2531.71,1.82698E9
2533.1,1.71953E9
2534.46,1.75117E9
2535.77,1.77845E9
2537.15,1.65123E9
2538.5,1.60133E9
2539.87,1.62878E9
2541.18,1.66365E9
2542.53,1.63609E9
2543.88,1.69376E9
2545.23,1.61858E9
2546.62,1.70636E9
2548.0,1.6616E9
2549.39,1.62229E9
2550.78,1.55939E9
2552.17,1.49997E9
2553.52,1.66112E9
2554.8,1.4476E9
2556.15,1.43348E9
2557.54,1.43625E9
2558.93,1.48009E9
2560.31,1.47565E9
2561.65,1.48865E9
2563.0,1.48848E9
2564.35,1.47464E9
2565.74,1.45675E9
2567.13,1.37427E9
2568.49,1.36928E9
2569.8,1.44576E9
2571.19,1.29667E9
2572.54,1.36733E9
2573.93,1.3505E9
2575.27,1.4568E9
2576.66,1.46979E9
2578.02,1.46983E9
2579.36,1.48104E9
2580.75,1.44537E9
2582.1,1.48343E9
2583.49,1.42295E9
2584.86,1.37859E9
2586.18,1.45052E9
2587.56,1.59967E9
2588.95,1.56436E9
2590.3,1.67609E9
2591.61,1.71568E9
2592.96,1.71064E9
2594.35,1.86231E9
2595.73,1.69647E9
2597.12,1.57481E9
2598.51,1.47928E9
2599.89,1.3207E9
2601.24,1.26766E9
2602.62,1.25846E9
2604.01,1.20156E9
2605.39,1.2792E9
2606.78,1.26864E9
2608.16,1.2806E9
2609.51,1.29587E9
2610.9,1.3031E9
2612.25,1.27132E9
2613.62,1.27322E9
2615.0,1.31356E9
2616.38,1.40661E9
2617.77,1.48888E9
2619.15,1.5169E9
2620.54,1.40985E9
2621.92,1.35028E9
2623.31,1.43818E9
2624.69,1.47465E9
2626.04,1.43562E9
2627.43,1.43163E9
2628.82,1.37138E9
2630.2,1.3624E9
2631.55,1.34342E9
2632.93,1.23888E9
2634.32,1.18354E9
2635.7,1.14891E9
2637.08,1.03068E9
2638.47,1.12641E9
2639.78,9.59434E8
2641.14,1.01218E9
2642.53,9.69554E8
2643.88,1.00594E9
2645.23,1.0449E9
2646.61,1.082E9
2648.01,1.14866E9
2649.4,1.13086E9
2650.78,1.09808E9
2652.16,1.14475E9
2653.55,1.11957E9
2654.93,1.17408E9
2656.32,1.20974E9
2657.66,1.36689E9
2659.05,1.52709E9
2660.43,1.71144E9
2661.78,2.27421E9
2663.16,2.98966E9
2664.53,3.26154E9
2665.91,3.29795E9
2667.3,3.50659E9
2668.67,3.32461E9
2670.02,3.35317E9
2671.4,3.13359E9
2672.79,2.32983E9
2674.16,2.26775E9
2675.55,2.04727E9
2676.89,1.77819E9
2678.21,2.00682E9
2679.54,2.07756E9
2680.92,2.13425E9
2682.27,1.85499E9
2683.62,1.8189E9
2685.01,1.87705E9
2686.39,1.81235E9
2687.78,1.66451E9
2689.16,1.61868E9
2690.55,1.58546E9
2691.91,1.42947E9
2693.29,1.35909E9
2694.67,1.50353E9
2696.02,1.47851E9
2697.41,1.60161E9
2698.76,1.69442E9
2700.15,1.88156E9
2701.5,1.93783E9
2702.88,2.02514E9
2704.27,1.99029E9
2705.65,2.09177E9
2707.03,1.84964E9
2708.42,1.77191E9
2709.81,1.73736E9
2711.12,1.61868E9
2712.42,1.55702E9
2713.8,1.46573E9
2715.11,1.35574E9
2716.5,1.42514E9
2717.88,1.34415E9
2719.27,1.29158E9
2720.66,1.37173E9
2722.04,1.41096E9
2723.42,1.38227E9
2724.8,1.44806E9
2726.15,1.56041E9
2727.51,1.87255E9
2728.86,1.75637E9
2730.22,1.83653E9
2731.58,1.80493E9
2732.97,1.76032E9
2734.32,1.76307E9
2735.7,1.82048E9
2737.08,1.92974E9
2738.43,1.76865E9
2739.82,1.89E9
2741.13,1.89186E9
2742.46,2.14094E9
2743.8,2.05129E9
2745.17,2.12068E9
2746.48,2.175E9
2747.79,2.22894E9
2749.18,2.03585E9
2750.57,1.96095E9
2751.87,2.02292E9
2753.23,1.84725E9
2754.62,1.76949E9
2756.01,1.64077E9
2757.39,1.50644E9
2758.78,1.41708E9
2760.09,1.41255E9
2761.48,1.24625E9
2762.86,1.13002E9
2764.25,1.01581E9
2765.64,9.42004E8
2766.99,9.16715E8
2768.37,8.93798E8
2769.74,8.86975E8
2771.12,8.31967E8
2772.41,8.64856E8
2773.79,8.66194E8
2775.18,8.90397E8
2776.53,1.00125E9
2777.89,1.04715E9
2779.27,9.16123E8
2780.66,1.03339E9
2782.05,1.40578E9
2783.43,1.44788E9
2784.81,1.30862E9
2786.16,1.58837E9
2787.52,1.50036E9
2788.91,1.4679E9
2790.29,1.55696E9
2791.68,1.85841E9
2793.02,1.66467E9
2794.37,1.92593E9
2795.75,2.09866E9
2797.07,2.09127E9
2798.46,2.13908E9
2799.81,2.20965E9
2801.2,1.87891E9
2802.54,1.81481E9
2803.92,1.81959E9
2805.28,1.73481E9
2806.67,1.62509E9
2808.06,1.77286E9
2809.4,1.61755E9
2810.79,1.514E9
2812.17,1.38667E9
2813.52,1.37286E9
2814.86,1.47558E9
2816.25,1.32251E9
2817.63,1.36123E9
2819.02,1.36101E9
2820.4,1.37952E9
2821.78,1.17552E9
2823.16,1.03994E9
2824.54,9.86326E8
2825.93,8.78796E8
2827.32,9.04615E8
2828.7,8.63143E8
2830.05,8.56954E8
2831.44,9.16886E8
2832.83,8.71632E8
2834.22,8.72541E8
2835.59,8.54913E8
2836.98,8.31388E8
2838.37,8.65689E8
2839.76,9.12269E8
2841.15,9.15528E8
2842.52,9.72092E8
2843.91,1.08708E9
2845.29,1.25719E9
2846.68,1.14313E9
2848.06,1.338E9
2849.45,1.30662E9
2850.84,1.20363E9
2852.22,1.1507E9
2853.6,1.13968E9
2854.99,1.10803E9
2856.38,1.00299E9
2857.77,9.61407E8
2859.15,1.08255E9
2860.54,9.70908E8
2861.93,8.93784E8
2863.32,9.52222E8
2864.71,8.95047E8
2866.04,9.71127E8
2867.44,9.80775E8
2868.78,1.08916E9
2870.17,1.188E9
2871.55,1.28075E9
2872.94,1.19731E9
2874.32,1.23772E9
2875.71,1.24027E9
2877.1,1.29771E9
2878.49,1.22294E9
2879.87,1.22037E9
2881.21,9.79714E8
2882.59,1.18357E9
2883.98,1.1402E9
2885.36,1.14384E9
2886.71,1.15299E9
2888.09,1.28523E9
2889.48,1.24849E9
2890.86,1.51302E9
2892.25,1.48976E9
2893.63,1.53526E9
2895.02,1.48987E9
2896.37,1.46323E9
2897.76,1.42825E9
2899.15,1.24986E9
2900.53,1.27214E9
2901.9,1.18588E9
2903.25,1.25155E9
2904.63,1.09871E9
2906.02,1.13878E9
2907.4,1.09163E9
2908.78,9.07428E8
2910.18,9.75068E8
2911.54,9.46109E8
2912.93,8.6667E8
2914.32,8.9084E8
2915.69,8.71376E8
2917.08,8.79601E8
2918.47,8.46855E8
2919.86,8.4885E8
2921.25,8.47529E8
2922.64,7.96303E8
2924.02,7.35151E8
2925.38,7.00199E8
2926.77,6.77086E8
2928.15,6.52983E8
2929.54,6.53845E8
2930.92,6.21927E8
2932.31,5.74433E8
2933.7,5.71588E8
2935.09,6.19071E8
2936.49,6.60484E8
2937.88,7.1447E8
2939.27,8.65107E8
2940.65,9.76273E8
2942.03,1.16847E9
2943.42,1.32291E9
2944.81,1.56334E9
2946.19,1.71939E9
2947.58,1.82795E9
2948.96,1.87536E9
2950.35,1.90051E9
2951.73,1.74731E9
2953.12,1.57386E9
2954.46,1.40208E9
2955.78,1.28082E9
2957.16,1.29905E9
2958.55,1.17124E9
2959.94,1.15823E9
2961.29,1.15307E9
2962.67,1.13972E9
2964.06,1.06404E9
2965.45,1.03301E9
2966.84,1.05049E9
2968.23,1.07085E9
2969.62,1.01341E9
2971.0,9.61823E8
2972.39,9.41069E8
2973.74,9.89431E8
2975.12,1.04249E9
2976.47,9.84868E8
2977.86,1.02951E9
2979.25,1.10549E9
2980.64,1.10778E9
2982.02,1.24303E9
2983.41,1.24241E9
2984.8,1.1859E9
2986.15,1.10485E9
2987.54,1.0974E9
2988.92,1.02951E9
2990.31,1.00026E9
2991.7,1.04846E9
2993.05,1.02065E9
2994.44,9.91904E8
2995.82,1.20865E9
2997.21,1.22793E9
2998.59,1.29335E9
2999.98,1.40687E9
3001.36,1.26763E9
3002.74,1.17638E9
3004.13,1.27766E9
3005.52,1.19091E9
3006.87,1.16725E9
3008.26,1.12403E9
3009.61,1.1241E9
3011.0,1.04858E9
3012.39,1.01036E9
3013.78,1.02161E9
3015.16,9.76836E8
3016.55,9.62854E8
3017.93,9.1295E8
3019.32,9.34685E8
3020.69,1.07706E9
3022.07,1.10359E9
3023.46,1.15538E9
3024.85,1.24253E9
3026.23,1.32289E9
3027.62,1.43691E9
3028.96,1.50088E9
3030.34,1.44058E9
3031.73,1.5211E9
3033.11,1.36183E9
3034.5,5.73841E7
3035.89,1.217E9
3037.24,1.15196E9
3038.62,1.04079E9
3040.0,9.16783E8
3041.35,8.54034E8
3042.74,7.7057E8
3044.14,7.03076E8
3045.52,6.90207E8
3046.91,6.87633E8
3048.3,7.19949E8
3049.65,7.28167E8
3051.04,7.86629E8
3052.42,7.97569E8
3053.82,8.75033E8
3055.21,9.156E8
3056.58,9.58285E8
3057.97,9.44285E8
3059.33,9.59057E8
3060.72,9.65372E8
3062.1,9.8695E8
3063.44,9.61378E8
3064.83,9.40215E8
3066.21,9.35237E8
3067.6,1.01094E9
3068.96,9.47926E8
3070.34,9.57427E8
3071.73,9.6732E8
3073.11,8.69533E8
3074.5,9.36505E8
3075.88,8.87865E8
3077.27,9.57052E8
3078.65,6.78949E7
3080.04,9.0507E8
3081.43,9.25871E8
3082.81,9.01118E8
3084.2,8.90684E8
3085.55,9.25031E8
3086.93,9.67958E8
3088.32,9.41519E8
3089.7,1.04313E9
3091.08,1.05758E9
3092.46,1.07426E9
3093.81,1.01221E9
3095.2,1.06309E9
3096.58,1.01367E9
3097.96,1.03511E9
3099.31,9.54767E8
3100.7,8.60923E8
3102.09,9.10125E8
3103.48,1.02373E9
3104.87,9.61304E8
3106.25,9.51484E8
3107.63,1.01092E9
3109.02,1.01856E9
3110.41,1.03771E9
3111.8,9.54547E8
3113.19,9.38843E8
3114.58,9.47071E8
3115.96,9.19334E8
3117.35,9.51291E8
3118.71,8.58675E8
3120.1,8.15637E8
3121.47,8.20302E8
3122.86,8.27047E8
3124.25,7.36708E8
3125.64,7.48453E8
3127.03,7.77437E8
3128.41,8.1359E8
3129.79,7.66311E8
3131.15,7.91105E8
3132.54,7.49368E8
3133.93,7.71569E8
3135.31,6.30887E8
3136.7,7.79418E8
3138.09,8.2612E8
3139.47,8.0619E8
3140.87,8.03403E8
3142.25,8.68071E8
3143.64,9.47143E8
3145.03,9.39193E8
3146.42,8.99016E8
3147.8,8.45531E8
3149.2,9.12619E8
3150.58,8.32483E8
3151.98,7.45031E8
3153.36,9.21059E8
3154.75,8.44819E8
3156.09,8.80697E8
3157.49,8.35649E8
3158.85,9.15516E8
3160.23,1.01468E9
3161.62,8.56273E8
3163.01,8.19999E8
3164.39,8.23918E8
3165.78,8.89647E8
3167.17,8.64107E8
3168.55,7.93587E8
3169.95,7.99315E8
3171.33,7.81547E8
3172.72,7.00723E8
3174.11,7.76572E8
3175.48,7.93814E8
3176.87,7.39498E8
3178.26,7.20106E8
3179.64,6.70594E8
3181.03,6.28562E8
3182.41,6.86421E8
3183.8,6.70242E8
3185.19,6.62598E8
3186.59,7.42469E8
3187.97,6.99179E8
3189.36,7.35657E8
3190.75,7.41046E8
3192.14,8.58171E8
3193.53,9.66208E8
3194.87,1.16823E9
3196.25,1.31116E9
3197.64,1.41092E9
3198.99,1.38589E9
3200.38,1.5712E9
3201.76,1.56282E9
3203.15,1.48826E9
3204.54,1.49559E9
3205.93,1.40888E9
3207.31,1.2631E9
3208.7,1.07037E9
3210.09,9.16211E8
3211.47,8.81809E8
3212.86,7.82876E8
3214.22,6.64711E8
3215.61,6.48E8
3216.99,7.17205E8
3218.38,6.90059E8
3219.77,6.86177E8
3221.15,6.63267E8
3222.54,7.34665E8
3223.93,7.83151E8
3225.32,8.6559E8
3226.71,8.27371E8
3228.09,8.58781E8
3229.47,8.91579E8
3230.85,8.96492E8
3232.24,1.00905E9
3233.63,1.0234E9
3235.01,1.06657E9
3236.4,1.19649E9
3237.79,1.52333E9
3239.17,1.75935E9
3240.56,2.13965E9
3241.95,2.372E9
3243.33,2.85445E9
3244.72,3.06123E9
3246.06,3.02324E9
3247.46,3.09136E9
3248.85,2.95673E9
3250.23,2.84741E9
3250.6,2.96619E9
3251.99,2.75055E9
3253.38,2.56852E9
3254.76,2.45454E9
3256.15,2.0234E9
3257.54,1.88207E9
3258.81,1.85367E9
3260.16,1.7477E9
3261.55,1.75607E9
3262.94,1.49086E9
3264.28,1.34902E9
3265.66,1.39446E9
3267.05,1.36147E9
3268.44,1.18998E9
3269.83,1.20554E9
3271.2,1.07434E9
3272.59,1.10317E9
3273.98,1.10352E9
3275.37,9.84304E8
3276.76,8.68202E8
3278.14,9.7361E8
3279.53,9.36471E8
3280.92,9.10926E8
3282.31,8.79671E8
3283.7,8.9216E8
3285.09,9.15502E8
3286.47,8.52368E8
3287.87,8.70472E8
3289.25,8.06449E8
3290.64,8.34686E8
3292.03,8.36367E8
3293.42,7.55099E8
3294.81,7.18619E8
3296.2,7.00527E8
3297.59,7.24649E8
3298.98,7.04008E8
3300.37,6.86727E8
3301.76,6.81312E8
3303.15,7.57243E8
3304.55,7.66885E8
3305.93,7.75539E8
3307.32,7.37246E8
3308.71,7.30558E8
3310.09,7.8776E8
3311.48,7.3696E8
3312.87,7.55697E8
3314.26,7.07691E8
3315.64,8.02541E8
3317.03,6.9903E8
3318.42,6.89722E8
3319.81,6.70529E8
3321.2,6.68011E8
3322.58,7.26539E8
3323.97,7.59803E8
3325.35,7.58227E8
3326.74,7.66364E8
3328.13,7.56977E8
3329.51,8.3566E8
3330.91,9.07359E8
3332.29,1.10496E9
3333.68,1.0976E9
3335.04,1.11676E9
3336.42,1.45403E9
3337.81,1.5696E9
3339.2,1.91419E9
3340.58,2.2722E9
3341.97,2.61336E9
3343.35,2.57559E9
3344.73,2.69417E9
3346.12,2.67579E9
3347.48,2.40656E9
3347.86,2.53672E9
3349.24,2.34775E9
3350.6,2.21922E9
3351.99,2.03527E9
3353.32,1.76595E9
3354.67,1.71586E9
3356.02,1.56832E9
3357.41,1.42713E9
3358.79,1.3112E9
3360.18,1.18299E9
3361.57,1.02529E9
3362.94,1.04709E9
3364.33,8.91876E8
3365.72,8.37605E8
3367.11,7.82996E8
3368.5,7.40884E8
3369.87,6.82277E8
3371.26,5.9021E8
3372.65,5.76892E8
3374.03,6.07633E8
3375.43,6.07644E8
3376.82,5.92159E8
3378.21,6.3782E8
3379.58,6.02452E8
3380.97,6.49812E8
3382.36,6.65124E8
3383.75,6.93827E8
3385.14,6.5925E8
3386.53,6.90479E8
3387.92,6.70432E8
3389.32,6.38805E8
3390.7,6.481E8
3392.08,6.65791E8
3393.47,6.59889E8
3394.86,7.28318E8
3396.25,7.21799E8
3397.64,7.66572E8
3399.03,8.37449E8
3400.42,7.22766E8
3401.82,8.02908E8
3403.21,7.97845E8
3404.6,8.09398E8
3405.99,9.02807E8
3407.38,8.53325E8
3408.76,8.88546E8
3410.12,8.16256E8
3411.51,8.48569E8
3412.9,7.85181E8
3414.29,7.61128E8
3415.68,7.30834E8
3417.08,7.25134E8
3418.47,6.69689E8
3419.86,7.801E8
3421.25,8.38946E8
3422.64,8.14895E8
3424.03,7.42741E8
3425.38,8.53312E8
3426.77,8.03648E8
3428.16,8.23211E8
3429.55,7.44882E8
3430.94,6.65042E8
3432.33,6.76566E8
3433.72,6.49541E8
3435.1,6.43646E8
3436.45,6.78845E8
3437.85,6.3837E8
3439.2,6.15251E8
3440.59,6.58559E8
3441.97,6.17616E8
3443.36,5.70231E8
3444.74,5.74194E8
3446.13,6.47109E8
3447.52,6.44125E8
3448.91,5.88585E8
3450.29,6.15467E8
3451.68,6.6392E8
3453.07,6.70141E8
3454.46,7.80028E8
3455.81,7.34052E8
3457.2,7.01427E8
3458.59,7.2172E8
3459.97,6.95318E8
3461.36,7.31365E8
3462.75,7.74186E8
3464.14,8.06573E8
3465.53,8.53336E8
3466.92,9.03318E8
3468.31,9.02456E8
3469.71,9.43529E8
3471.09,8.90365E8
3472.48,8.22036E8
3473.8,8.73784E8
3475.18,9.26157E8
3476.57,9.05122E8
3477.97,9.51085E8
3479.35,8.41018E8
3480.67,9.09441E8
3482.04,8.63274E8
3483.43,8.91116E8
3484.82,8.39437E8
3486.2,8.40977E8
3487.59,7.84986E8
3488.98,7.23875E8
3490.38,7.70213E8
3491.77,7.48022E8
3493.15,7.41189E8
3494.55,7.19864E8
3495.94,7.15662E8
3497.33,7.07596E8
3498.72,7.27122E8
3500.11,6.92562E8
3501.5,6.13879E8
3502.85,6.35313E8
3504.23,6.02685E8
3505.62,6.41687E8
3507.01,6.04503E8
3508.4,5.90539E8
3509.79,5.66459E8
3511.18,6.01291E8
3512.56,5.94276E8
3513.95,5.7629E8
3515.31,6.13659E8
3516.7,6.78566E8
3518.09,7.1388E8
3519.48,6.60385E8
3520.88,1.98434E8
3522.27,1.11385E9
3523.65,9.67731E8
3525.04,6.82702E8
3526.43,6.95052E8
3527.82,6.4261E8
3529.21,6.35865E8
3530.59,6.03863E8
3531.96,6.02302E8
3533.34,5.58974E8
3534.73,5.16019E8
3536.13,5.30268E8
3537.52,4.93585E8
3538.91,5.04071E8
3540.3,5.17804E8
3541.69,4.65457E8
3543.08,4.53229E8
3544.47,4.93213E8
3545.86,4.56966E8
3547.26,4.83901E8
3548.65,4.70701E8
3550.04,4.28767E8
3551.43,4.75721E8
3552.82,4.61048E8
3554.21,4.00459E8
3555.6,4.06436E8
3556.99,4.00535E8
3558.38,3.64501E8
3559.78,3.56218E8
3561.17,3.77177E8
3562.56,3.91052E8
3563.95,3.61557E8
3565.34,3.64288E8
3566.73,3.88788E8
3568.12,3.59118E8
3569.51,3.94354E8
3570.91,3.92984E8
3572.3,3.77186E8
3573.69,3.35904E8
3575.08,3.54026E8
3576.48,4.05947E8
3577.87,4.31643E8
3579.26,4.45023E8
3580.64,4.35759E8
3582.04,5.27751E8
3583.43,4.45406E8
3584.82,5.04302E8
3586.21,5.28809E8
3587.6,5.03102E8
3588.99,5.12453E8
3590.38,4.43176E8
3591.77,4.19672E8
3593.17,4.41773E8
3594.56,4.2925E8
3595.95,3.75812E8
3597.34,3.7368E8
3598.72,3.44205E8
3600.12,3.30503E8
3601.5,3.26155E8
3602.89,3.25252E8
3604.28,3.27779E8
3605.67,3.55897E8
3607.05,3.73479E8
3608.44,4.28122E8
3609.83,4.05026E8
3611.22,4.6963E8
3612.6,4.89287E8
3613.99,5.32535E8
3615.34,5.27285E8
3616.73,5.32723E8
3618.12,5.67792E8
3619.51,5.3398E8
3620.9,5.30408E8
3622.29,5.11705E8
3623.68,5.58433E8
3625.08,4.26166E8
3626.47,4.00875E8
3627.86,3.81305E8
3629.25,3.85543E8
3630.64,3.67445E8
3632.03,3.73202E8
3633.42,3.77865E8
3634.81,3.66781E8
3636.21,3.81687E8
3637.6,4.00871E8
3638.99,4.33636E8
3640.39,4.2745E8
3641.78,4.01696E8
3643.17,4.04005E8
3644.57,4.58982E8
3645.96,4.20228E8
3647.35,5.42308E8
3648.74,6.608E8
3650.13,6.66116E8
3651.49,6.46665E8
3652.87,6.60348E8
3654.26,4.85173E8
3655.65,4.95624E8
3657.01,5.3343E8
3658.39,4.94333E8
3659.79,4.91853E8
3661.18,4.99188E8
3662.57,4.95182E8
3663.96,4.87631E8
3665.35,4.78876E8
3666.74,5.17579E8
3668.13,5.33594E8
3669.53,6.15739E8
3670.91,5.91802E8
3672.3,6.59224E8
3673.7,6.60501E8
3675.09,6.85536E8
3676.48,6.37939E8
3677.87,6.10125E8
3679.26,6.28762E8
3680.65,6.23729E8
3682.05,5.17573E8
3683.44,5.66361E8
3684.83,5.59466E8
3686.21,5.09164E8
3687.59,5.55032E8
3688.95,5.07129E8
3690.34,5.19767E8
3691.73,5.11816E8
3693.13,5.41947E8
3694.52,5.13414E8
3695.91,5.55497E8
3697.3,5.27259E8
3698.69,5.45982E8
3700.08,6.36145E8
3701.47,6.12913E8
3702.86,6.02521E8
3704.22,6.17816E8
3705.62,6.34134E8
3706.97,6.55448E8
3708.36,6.86935E8
3709.75,7.29273E8
3711.14,8.24901E8
3712.53,7.59395E8
3713.92,9.08681E8
3715.32,1.04881E9
3716.71,9.83257E8
3718.1,1.00279E9
3719.49,1.07287E9
3720.88,1.09326E9
3722.27,1.0957E9
3723.66,1.11624E9
3725.04,1.13393E9
3726.43,1.18299E9
3727.77,1.17285E9
3729.16,1.16421E9
3730.55,1.05283E9
3731.94,9.93566E8
3733.33,9.39217E8
3734.71,8.9715E8
3736.11,8.32673E8
3737.49,8.62476E8
3738.88,8.46415E8
3740.27,8.5614E8
3741.65,9.05407E8
3743.04,8.49137E8
3744.43,7.84822E8
3745.82,7.5517E8
3747.22,7.44107E8
3748.6,6.92558E8
3749.97,6.75603E8
3751.36,6.24783E8
3752.74,6.61515E8
3754.14,6.32244E8
3755.52,6.28008E8
3756.92,6.08236E8
3758.31,6.01894E8
3759.7,5.83234E8
3761.1,5.77802E8
3762.47,5.78471E8
3763.86,5.44312E8
3765.25,5.4859E8
3766.64,5.07378E8
3768.03,5.22725E8
3769.41,5.85212E8
3770.8,6.18886E8
3772.19,6.13046E8
3773.58,6.51884E8
3774.97,6.27252E8
3776.36,6.07936E8
3777.75,5.92072E8
3779.14,5.29996E8
3780.53,6.8835E7
3781.92,5.93759E8
3783.3,4.35482E8
3784.69,4.67236E8
3786.08,4.47243E8
3787.47,4.29197E8
3788.88,4.07743E8
3790.27,4.14219E8
3791.66,3.9404E8
3793.05,3.75105E8
3794.44,3.86436E8
3795.84,3.96186E8
3797.23,3.4911E8
3798.62,4.24196E8
3800.01,4.10101E8
3801.4,4.3342E8
3802.79,4.89405E8
3804.16,5.02795E8
3805.56,5.33827E8
3806.95,5.32969E8
3808.34,5.20856E8
3809.73,5.1043E8
3811.12,5.13632E8
3812.51,5.36605E8
3813.9,5.00014E8
3815.3,4.54517E8
3816.69,4.46644E8
3818.08,4.1686E8
3819.47,3.57357E8
3820.86,3.70148E8
3822.26,3.17052E8
3823.65,3.01688E8
3825.05,3.23693E8
3826.45,2.94153E8
3827.81,2.78677E8
3829.21,2.64231E8
3830.6,2.57396E8
3831.99,2.84958E8
3833.39,2.5762E8
3834.79,2.97051E8
3836.18,3.08535E8
3837.58,3.29404E8
3838.98,3.54973E8
3840.37,3.99575E8
3841.76,4.2492E8
3843.15,4.45364E8
3844.54,5.44522E8
3845.93,5.79606E8
3847.32,5.93867E8
3848.71,5.9869E8
3850.1,6.28669E8
3851.49,6.2817E8
3852.87,6.42234E8
3854.27,6.62633E8
3855.66,6.3438E8
3857.03,5.5432E8
3858.42,6.18748E8
3859.82,6.21006E8
3861.21,5.75341E8
3862.59,5.43544E8
3863.98,5.54027E8
3865.37,5.39509E8
3866.76,5.33119E8
3868.15,5.50037E8
3869.54,4.94579E8
3870.93,4.78568E8
3872.33,3.99252E8
3873.72,4.2413E8
3875.11,4.01541E8
3876.5,4.51633E8
3877.9,4.31854E8
3879.29,4.21207E8
3880.68,4.63974E8
3882.07,4.90927E8
3883.46,4.77175E8
3884.86,5.57186E8
3886.25,6.57766E8
3887.64,5.51941E8
3889.03,5.86095E8
3890.43,5.86517E8
3891.82,6.36915E8
3893.21,5.26895E8
3894.6,5.57192E8
3896.0,5.15457E8
3897.39,5.17641E8
3898.78,5.46016E8
3900.17,5.42788E8
3901.56,5.28479E8
3902.96,5.53107E8
3904.35,5.36232E8
3905.74,5.52526E8
3907.13,5.50181E8
3908.51,5.96961E8
3909.9,5.68992E8
3911.29,6.01989E8
3912.68,6.62463E8
3914.07,6.84626E8
3915.46,7.27082E8
3916.85,8.84971E8
3918.24,8.78734E8
3919.63,9.17632E8
3921.02,9.94706E8
3922.41,1.06501E9
3923.8,9.27407E8
3925.19,8.59322E8
3926.58,8.48489E8
3927.97,8.37309E8
3929.36,6.88603E8
3930.75,6.72484E8
3932.15,6.19826E8
3933.54,5.80865E8
3934.93,5.22699E8
3936.33,4.95092E8
3937.72,4.85119E8
3939.11,4.13516E8
3940.5,3.61766E8
3941.89,3.74643E8
3943.28,3.95953E8
3944.64,3.94323E8
3946.03,4.17011E8
3947.42,3.5347E8
3948.81,4.83253E8
3950.2,3.93165E8
3951.59,4.19049E8
3952.98,4.54566E8
3954.37,4.78728E8
3955.77,4.744E8
3957.16,4.60887E8
3958.56,2.60551E8
3959.95,4.39023E8
3961.34,4.61571E8
3962.74,4.41988E8
3964.13,4.78996E8
3965.52,3.96131E8
3966.91,4.25615E8
3968.3,4.48406E8
3969.7,4.35308E8
3971.09,5.25347E8
3972.48,4.73022E8
3973.88,5.02939E8
3975.26,5.35011E8
3976.66,5.27822E8
3978.05,6.33178E8
3979.44,5.94345E8
3980.83,6.31406E8
3982.23,6.13949E8
3983.62,6.6924E8
3985.01,5.74921E8
3986.39,5.48077E8
3987.79,6.55816E8
3989.18,6.51543E8
3990.57,5.72563E8
3991.95,6.28391E8
3993.34,5.84837E8
3994.74,5.81135E8
3996.13,5.17712E8
3997.51,5.32264E8
3998.9,6.43008E8
4000.29,6.15209E8
4001.68,6.72069E8
4003.07,6.30814E8
4004.42,6.59204E8
4005.7,6.27389E8
4007.1,6.6478E8
4008.48,6.90606E8
4009.87,8.76153E8
4011.26,6.36326E8
4012.61,7.14861E8
4014.01,7.02928E8
4015.4,6.4447E8
4016.77,5.96564E8
4018.16,5.99306E8
4019.56,5.38313E8
4020.94,5.64685E8
4022.33,5.22576E8
4023.72,4.62256E8
4025.12,4.88127E8
4026.51,4.66101E8
4027.89,4.08502E8
4029.28,5.101E8
4030.67,4.40117E8
4032.07,4.03013E8
4033.46,4.10181E8
4034.86,4.12698E8
4036.25,3.85067E8
4037.64,3.90827E8
4039.03,4.54482E8
4040.42,4.40567E8
4041.81,4.83757E8
4043.21,4.75817E8
4044.59,4.50131E8
4045.99,4.87291E8
4047.38,4.54226E8
4048.77,4.93363E8
4050.14,5.10485E8
4051.53,4.86511E8
4052.93,4.39884E8
4054.32,4.82299E8
4055.7,4.56933E8
4057.09,4.3876E8
4058.48,4.40572E8
4059.88,4.61268E8
4061.27,4.2955E8
4062.66,3.75267E8
4064.05,3.72598E8
4065.45,3.67787E8
4066.84,3.11067E8
4068.19,3.63494E8
4069.58,3.24772E8
4070.98,3.35188E8
4072.37,2.96647E8
4073.76,3.14216E8
4075.16,3.36578E8
4076.55,2.87438E8
4077.94,2.9533E8
4079.34,2.90486E8
4080.74,2.86153E8
4082.14,2.93851E8
4083.53,2.89186E8
4084.93,2.9298E8
4086.33,5.94844E7
4087.72,2.84254E8
4089.11,3.14592E8
4090.51,3.68969E8
4091.91,3.41811E8
4093.3,3.50997E8
4094.7,3.18971E8
4096.09,3.19063E8
4097.47,2.5598E8
4098.86,2.28192E8
4100.26,2.15665E8
4101.66,2.18507E8
4103.05,2.14269E8
4104.45,1.95012E8
4105.84,2.38935E8
4107.24,2.3469E8
4108.64,2.30488E8
4110.03,1.96732E8
4111.43,2.41033E8
4112.82,2.17571E8
4114.22,1.81416E8
4115.61,2.09826E8
4117.01,1.94066E8
4118.41,1.87753E8
4119.8,2.09711E8
4121.2,2.23896E8
4122.6,2.13888E8
4124.0,2.08579E8
4125.4,2.31798E8
4126.79,2.29886E8
4128.19,2.48621E8
4129.58,2.58685E8
4130.97,2.85996E8
4132.36,3.44115E8
4133.75,3.45797E8
4135.13,4.16311E8
4136.52,4.00434E8
4137.91,4.29224E8
4139.3,4.09221E8
4140.69,4.12328E8
4142.07,4.61394E8
4143.46,4.19602E8
4144.85,4.34815E8
4146.25,4.40273E8
4147.64,3.84818E8
4149.03,4.25204E8
4150.42,3.59815E8
4151.82,3.63024E8
4153.21,3.72278E8
4154.6,3.52735E8
4155.99,3.46569E8
4157.38,3.51904E8
4158.77,3.44313E8
4160.16,3.1707E8
4161.56,3.21204E8
4162.95,3.3592E8
4164.35,3.17869E8
4165.74,3.05711E8
4167.13,3.10624E8
4168.53,3.05015E8
4169.92,3.19346E8
4171.31,2.93577E8
4172.71,2.83358E8
4174.1,2.85247E8
4175.5,2.59174E8
4176.89,2.73328E8
4178.28,2.77614E8
4179.68,2.86749E8
4181.07,3.22982E8
4182.46,3.31745E8
4183.85,3.30902E8
4185.24,3.54341E8
4186.64,3.77787E8
4188.03,3.87478E8
4189.42,4.00421E8
4190.81,3.89982E8
4192.2,3.97551E8
4193.59,4.35576E8
4194.99,3.87473E8
4196.39,4.50613E8
4197.77,4.73748E8
4199.16,4.28307E8
4200.54,3.86143E8
4201.93,3.6484E8
4203.32,3.01306E8
4204.72,2.84429E8
4206.11,2.62134E8
4207.5,2.39428E8
4208.9,2.31548E8
4210.28,2.30127E8
4211.68,1.84805E8
4213.07,1.98529E8
4214.47,1.77414E8
4215.87,1.82197E8
4217.26,1.86831E8
4218.66,1.97323E8
4220.06,1.75596E8
4221.45,2.24939E8
4222.84,2.34115E8
4224.24,2.53425E8
4225.63,2.73647E8
4227.02,2.63818E8
4228.41,2.82711E8
4229.8,3.09249E8
4231.2,3.41862E8
4232.58,3.7347E8
4233.97,3.86595E8
4235.35,4.14918E8
4236.74,4.48036E8
4238.13,4.68987E8
4239.52,4.4856E8
4240.91,4.20087E8
4242.18,4.14019E8
4242.56,4.24354E8
4243.72,3.7574E8
4244.1,3.68929E8
4245.49,3.72318E8
4246.89,3.5426E8
4248.28,3.04417E8
4249.67,2.72072E8
4251.06,2.68232E8
4252.41,2.27957E8
4253.8,2.29912E8
4255.2,2.37354E8
4256.6,2.30677E8
4257.99,2.15063E8
4259.39,1.35326E8
4260.79,2.00789E8
4262.18,2.05221E8
4263.58,1.93964E8
4264.97,1.73722E8
4266.37,1.93739E8
4267.77,1.87256E8
4269.16,1.75719E8
4270.56,1.84107E8
4271.95,1.97686E8
4273.34,2.54576E8
4274.73,2.28549E8
4276.12,3.19306E8
4277.52,4.3027E8
4278.9,4.50494E8
4280.29,4.52851E8
4281.68,4.88089E8
4282.17,4.28828E8
4283.57,4.64872E8
4284.93,4.33096E8
4286.28,3.9032E8
4287.68,4.63679E8
4289.07,5.04705E8
4290.46,4.77174E8
4291.85,5.56006E8
4293.24,6.05819E8
4294.63,5.23817E8
4296.01,5.244E8
4297.41,5.91798E8
4298.8,5.6503E8
4300.19,5.0288E8
4301.58,5.13103E8
4302.96,5.36872E8
4304.36,4.69175E8
4305.75,5.15858E8
4307.13,4.3098E8
4308.53,4.07148E8
4309.92,3.91309E8
4311.31,3.18706E8
4312.7,3.7461E8
4314.1,3.07108E8
4315.45,3.1636E8
4316.81,3.58057E8
4318.21,3.88921E8
4319.6,3.29891E8
4320.99,3.79428E8
4322.38,3.96331E8
4323.77,4.68224E8
4325.16,4.09286E8
4326.56,4.16301E8
4327.94,3.94449E8
4329.33,3.85323E8
4330.73,4.39082E8
4332.1,3.89043E8
4333.49,3.8457E8
4334.89,3.77763E8
4336.25,3.7087E8
4337.64,3.78686E8
4339.03,3.99229E8
4340.43,4.22264E8
4341.82,3.5058E8
4343.22,3.57818E8
4344.61,3.71344E8
4346.01,3.72921E8
4347.4,3.29493E8
4348.79,3.01596E8
4350.19,2.8422E8
4351.58,3.109E8
4352.97,3.35497E8
4354.37,2.78685E8
4355.76,3.27875E8
4357.16,2.69136E8
4358.55,2.81456E8
4359.94,2.85862E8
4361.33,2.85726E8
4362.73,2.67512E8
4364.13,2.72229E8
4365.52,2.86447E8
4366.91,2.955E8
4368.31,3.16274E8
4369.7,4.04636E8
4371.09,3.77979E8
4372.48,3.69392E8
4373.87,3.52384E8
4375.26,3.72607E8
4376.66,4.57705E8
4378.05,3.48138E8
4379.44,3.73433E8
4380.83,3.30305E8
4382.19,2.82173E8
4383.59,3.14904E8
4384.97,3.5546E8
4386.36,3.21078E8
4387.76,3.58297E8
4389.15,2.91005E8
4390.54,2.92957E8
4391.93,2.9396E8
4393.32,2.92786E8
4394.72,2.98533E8
4396.11,2.97363E8
4397.5,3.35555E8
4398.9,3.85645E8
4400.29,3.65082E8
4401.68,3.48024E8
4403.07,3.99072E8
4404.46,3.97729E8
4405.85,4.20834E8
4407.24,3.82065E8
4408.63,4.04152E8
4410.02,3.99286E8
4411.41,3.45462E8
4412.81,3.32417E8
4414.2,3.40985E8
4415.59,3.3352E8
4416.98,3.682E8
4418.37,3.17388E8
4419.76,3.26234E8
4421.12,3.47009E8
4422.51,4.17302E8
4423.9,4.23062E8
4425.07,4.38453E8
4425.67,4.06486E8
4427.06,5.26734E8
4428.45,5.3029E8
4429.83,6.92142E8
4430.21,5.50353E8
4431.59,7.18187E8
4432.64,6.10005E8
4433.01,6.79468E8
4434.41,7.25769E8
4434.71,6.5976E8
4435.01,8.16889E8
4436.17,8.42411E8
4436.47,8.45628E8
4436.77,5.3545E8
4438.16,7.57192E8
4438.64,6.72574E8
4440.03,7.00529E8
4441.42,6.96215E8
4442.81,7.52002E8
4444.2,7.68895E8
4445.59,5.62844E8
4445.97,5.83114E8
4447.35,6.4274E8
4448.74,5.85927E8
4450.13,5.38956E8
4451.52,5.10128E8
4452.87,4.11527E8
4454.26,3.73646E8
4455.65,3.42101E8
4457.05,3.65759E8
4458.45,2.28992E8
4459.84,2.99467E8
4461.23,2.62889E8
4462.63,2.35579E8
4464.03,2.72099E8
4465.43,2.2654E8
4466.83,2.06248E8
4468.23,2.25995E8
4469.62,2.43098E8
4471.02,2.44721E8
4472.41,2.42253E8
4473.8,2.89202E8
4475.2,3.38948E8
4476.6,3.39651E8
4477.99,2.63161E8
4479.38,2.7271E8
4480.78,2.44203E8
4482.17,2.56446E8
4483.56,2.35114E8
4484.96,2.32442E8
4486.35,2.12016E8
4487.75,1.97414E8
4489.14,2.09477E8
4490.55,2.03984E8
4491.94,1.98221E8
4493.34,1.81236E8
4494.73,1.92205E8
4496.13,1.72567E8
4497.52,1.84138E8
4498.92,1.94486E8
4500.32,1.77469E8
4501.71,1.68441E8
4503.11,1.8294E8
4504.51,1.67889E8
4505.9,1.95619E8
4507.3,1.83831E8
4508.69,1.6075E8
4510.09,1.97659E8
4511.49,1.52021E8
4512.89,1.61851E8
4514.28,1.77106E8
4515.68,1.7023E8
4517.08,1.71935E8
4518.48,1.67851E8
4519.88,1.64821E8
4521.27,1.75723E8
4522.67,1.75648E8
4524.07,1.94545E8
4525.47,1.86011E8
4526.86,1.53539E8
4528.26,1.41113E8
4529.66,1.78338E8
4531.06,1.55145E8
4532.45,1.57083E8
4533.84,1.78046E8
4535.24,1.77143E8
4536.64,1.67366E8
4538.03,1.59002E8
4539.43,2.04672E8
4540.82,1.27825E8
4542.22,1.84191E8
4543.61,1.72979E8
4545.01,1.80099E8
4546.4,1.67246E8
4547.79,1.46408E8
4549.18,1.55768E8
4550.58,1.91929E8
4551.98,1.48937E8
4553.37,1.54653E8
4554.77,1.61382E8
4556.16,2.0172E8
4557.56,1.8979E8
4558.95,1.80146E8
4560.34,1.91026E8
4561.74,1.64491E8
4563.13,1.90309E8
4564.53,1.9044E8
4565.92,1.71938E8
4567.32,1.87756E8
4568.71,1.66341E8
4570.11,1.83851E8
4571.51,1.60908E8
4572.91,1.66776E8
4574.3,1.91196E8
4575.71,1.68151E8
4577.1,1.64701E8
4578.5,1.54526E8
4579.89,1.7442E8
4581.29,1.63029E8
4582.68,1.83274E8
4584.08,1.54355E8
4585.48,1.62378E8
4586.87,1.77505E8
4588.27,1.7997E8
4589.67,1.83518E8
4590.95,1.68462E8
4591.33,1.9596E8
4592.71,1.91235E8
4594.11,1.9705E8
4595.5,1.85956E8
4596.89,2.26949E8
4598.29,1.9831E8
4599.68,2.18297E8
4601.07,1.97404E8
4602.46,1.91571E8
4603.85,1.81291E8
4605.25,1.98553E8
4606.64,1.87164E8
4608.03,1.81253E8
4609.43,1.79496E8
4610.82,1.54408E8
4612.21,1.68693E8
4613.61,1.72945E8
4615.0,1.56617E8
4616.4,1.50788E8
4617.79,1.47539E8
4619.19,1.47774E8
4620.59,1.34596E8
4621.99,1.40179E8
4623.39,1.271E8
4624.79,1.32694E8
4626.18,9.8945E7
4627.58,1.38323E8
4628.98,1.42525E8
4630.37,1.2608E8
4631.77,1.39826E8
4633.16,1.37138E8
4634.56,1.53519E8
4635.95,1.44957E8
4637.34,1.41364E8
4638.74,1.42686E8
4640.14,1.17618E8
4641.53,1.27499E8
4642.93,1.36912E8
4644.32,1.4167E8
4645.71,1.40468E8
4647.11,1.3873E8
4648.51,4.93674E7
4649.9,1.49598E8
4651.3,1.23115E8
4652.7,1.37787E8
4654.1,1.33362E8
4655.5,1.1695E8
4656.89,1.49854E8
4658.28,1.44204E8
4659.67,1.22764E8
4661.06,1.3147E8
4662.46,1.35674E8
4663.86,1.42264E8
4665.25,1.33107E8
4666.64,1.45713E8
4668.04,1.57879E8
4669.43,1.84904E8
4670.81,1.92904E8
4672.1,3.13474E8
4672.47,2.82928E8
4673.86,2.79063E8
4675.25,3.05718E8
4676.53,2.71753E8
4677.92,3.10444E8
4679.31,3.04614E8
4679.69,3.31734E8
4680.86,3.91056E8
4681.23,3.99824E8
4682.63,4.30762E8
4683.23,3.59059E8
4684.62,3.67486E8
4686.01,3.14451E8
4687.4,3.20862E8
4688.79,3.41134E8
4690.15,2.35887E8
4691.54,3.00211E8
4692.92,2.74294E8
4694.31,2.66015E8
4695.69,2.41774E8
4696.75,3.01916E8
4697.12,3.13123E8
4698.51,3.49584E8
4699.68,3.50339E8
4701.06,3.79637E8
4702.45,4.44444E8
4702.93,3.9919E8
4703.23,5.95276E8
4704.62,5.00227E8
4705.9,5.45732E8
4706.28,4.7294E7
4707.33,8.12307E8
4707.63,8.11292E8
4707.93,8.29766E8
4709.32,1.09759E9
4710.37,9.17737E8
4710.74,1.09319E9
4712.13,7.7225E8
4712.62,9.0411E8
4714.01,9.2904E8
4715.4,1.00116E9
4716.79,9.28745E8
4718.06,1.08869E9
4718.36,9.16589E8
4718.66,6.90095E8
4719.82,8.65854E8
4720.27,8.17738E8
4721.66,6.81317E8
4723.05,9.29226E8
4724.41,6.60563E8
4724.79,6.77239E8
4726.14,6.46205E8
4726.51,5.69028E8
4727.91,4.81582E8
4729.3,4.94407E8
4730.46,4.64923E8
4730.84,5.05221E8
4732.23,4.10486E8
4733.62,3.18557E8
4735.02,3.14758E8
4736.41,3.09944E8
4737.8,3.09958E8
4739.19,2.37307E8
4740.59,1.92743E8
4741.99,2.1404E8
4743.39,1.94543E8
4744.79,1.98168E8
4746.2,1.99442E8
4747.59,1.84516E8
4748.99,1.64606E8
4750.39,1.68292E8
4751.79,1.77713E8
4753.2,1.76872E8
4754.6,1.73842E8
4756.0,1.76354E8
4757.4,1.60998E8
4758.8,1.7545E8
4760.2,1.89654E8
4761.61,1.35246E8
4763.01,1.59025E8
4764.41,1.46198E8
4765.81,1.58975E8
4767.21,1.60266E8
4768.61,1.41247E8
4770.01,1.59278E8
4771.41,1.50109E8
4772.81,1.55939E8
4774.22,1.44507E8
4775.61,1.55112E8
4777.01,1.5094E8
4778.41,1.67687E8
4779.81,1.73764E8
4781.21,1.65278E8
4782.61,1.92776E8
4784.0,1.96192E8
4785.4,1.93173E8
4786.79,1.73568E8
4788.18,2.14814E8
4789.58,1.82411E8
4790.97,1.68085E8
4792.36,1.75004E8
4793.75,1.98406E8
4795.14,1.9585E8
4796.54,1.81977E8
4797.48,1.69681E8
4798.54,1.69296E8
4799.03,1.90411E8
4800.42,1.6196E8
4801.36,1.90984E8
4802.42,1.98515E8
4803.81,1.95212E8
4805.21,1.53759E8
4806.6,1.41125E8
4807.99,1.40528E8
4809.39,1.37484E8
4810.78,1.43133E8
4812.19,1.21832E8
4813.58,1.26471E8
4814.97,1.00946E8
4816.37,1.28227E8
4817.77,1.38465E8
4819.17,1.41682E8
4820.57,1.23068E8
4821.97,1.20885E8
4823.37,1.3204E8
4824.77,1.22006E8
4826.17,1.3285E8
4827.57,1.32313E8
4828.97,1.36809E8
4830.37,1.46635E8
4831.77,1.45767E8
4833.17,1.56932E8
4834.58,1.55985E8
4835.97,1.73482E8
4837.37,1.81487E8
4838.77,1.87508E8
4840.17,1.87653E8
4841.23,1.63967E8
4841.53,1.80003E8
4842.93,1.70121E8
4843.99,1.78627E8
4845.38,1.60459E8
4846.78,1.67708E8
4848.18,1.67221E8
4849.58,1.75107E8
4850.97,1.56182E8
4852.36,1.75271E8
4853.76,1.74761E8
4855.15,1.68759E8
4856.54,1.87365E8
4857.93,1.83704E8
4859.33,1.83148E8
4860.72,1.83856E8
4861.88,1.91719E8
4863.28,1.81139E8
4864.67,1.69029E8
4866.06,1.69518E8
4867.46,1.63581E8
4868.85,1.84106E8
4870.25,1.81491E8
4870.63,1.79015E8
4872.02,1.64964E8
4872.51,1.88408E8
4873.91,1.83271E8
4875.3,1.94519E8
4876.69,1.88746E8
4878.09,1.78633E8
4879.49,1.47316E8
4880.88,1.545E8
4882.28,1.5964E8
4883.68,1.78679E8
4884.73,1.77499E8
4886.12,1.61988E8
4887.51,1.5252E8
4888.92,1.71735E8
4890.32,1.71345E8
4891.71,1.42051E8
4893.1,1.54895E8
4894.49,1.59519E8
4895.89,1.71961E8
4897.28,1.73889E8
4898.67,1.82526E8
4900.06,2.06795E8
4901.45,1.98993E8
4902.85,2.33739E8
4904.24,2.496E8
4905.63,2.38439E8
4907.03,2.54486E8
4908.42,2.78284E8
4909.82,3.00641E8
4911.21,2.99238E8
4912.6,3.47402E8
4913.99,3.95287E8
4915.39,3.92828E8
4916.78,3.61157E8
4918.18,3.90543E8
4919.57,4.38754E8
4920.96,4.78827E8
4922.36,3.99625E8
4923.75,4.53186E8
4925.14,4.25763E8
4926.53,4.88157E8
4927.92,4.84271E8
4929.31,4.73933E8
4930.69,4.62288E8
4932.08,5.46391E8
4933.47,5.9274E8
4934.83,5.69604E8
4936.22,6.20311E8
4937.62,6.30985E8
4938.89,6.85969E8
4939.26,6.87651E8
4940.65,6.26074E8
4941.14,6.78873E8
4942.53,5.61259E8
4943.92,6.13921E8
4945.31,5.82165E8
4946.7,5.49744E8
4948.09,4.99867E8
4949.48,4.24187E8
4950.87,4.53311E8
4952.27,4.74154E8
4953.66,4.38411E8
4955.06,4.71276E8
4956.44,4.39678E8
4957.83,4.53016E8
4959.23,4.34315E8
4960.62,4.67417E8
4962.01,4.95509E8
4963.4,6.46546E8
4964.79,8.1978E8
4966.18,1.76637E9
4967.54,3.71498E9
4968.88,2.66933E9
4970.16,1.62059E9
4971.43,1.71744E9
4972.82,1.33042E9
4974.21,7.5179E8
4975.61,6.30571E8
4977.0,6.32652E8
4978.06,7.13524E8
4978.35,6.04197E8
4978.65,6.51413E8
4979.82,7.27148E8
4980.12,7.14192E8
4980.42,7.30189E8
4981.47,7.45788E8
4981.96,7.29909E8
4983.24,7.77968E8
4983.53,8.27814E8
4983.83,8.54659E8
4984.88,9.71049E8
4985.18,1.00649E9
4985.48,1.23788E9
4986.83,1.87014E9
4988.0,2.26571E9
4989.05,1.84477E9
4989.99,1.29632E9
4990.36,1.1438E9
4990.74,1.09117E9
4991.11,1.02768E9
4991.49,1.11154E9
4992.65,1.15598E9
4992.95,1.11996E9
4993.25,1.08101E9
4994.19,8.97326E8
4994.49,8.59348E8
4994.79,8.4652E8
4995.73,8.70982E8
4996.11,9.33425E8
4997.52,3.06052E7
4998.92,7.50419E8
5000.2,8.11778E8
5001.59,8.09852E8
5002.99,8.2448E8
5004.38,8.39167E8
5005.77,9.14425E8
5006.94,8.5939E8
5007.24,8.15211E8
5007.54,8.58087E8
5008.93,4.71879E8
5009.31,7.74854E8
5010.25,8.30111E8
5010.55,7.92281E8
5010.85,7.92944E8
5011.8,7.86487E8
5012.1,6.47692E8
5012.93,7.62102E8
5013.3,8.07018E8
5013.6,8.18705E8
5014.55,8.96772E8
5014.92,9.57301E8
5016.32,9.54994E8
5016.62,9.07826E8
5016.92,9.66012E8
5018.09,9.29458E8
5018.39,1.06816E9
5018.69,1.04189E9
5019.29,1.0257E9
5019.59,1.01271E9
5019.89,1.03034E9
5020.19,9.90712E8
5020.79,9.93388E8
5021.09,9.62619E8
5021.4,9.71699E8
5021.88,8.87043E8
5022.37,1.0007E9
5022.68,1.05011E9
5022.98,1.09116E9
5023.35,1.20446E9
5023.84,1.5515E9
5024.22,1.93891E9
5025.27,2.78805E9
5025.57,3.06861E9
5025.87,3.32462E9
5026.24,3.44499E9
5026.84,3.10976E9
5027.14,2.95879E9
5027.44,2.61516E9
5027.81,2.14823E9
5028.3,1.90419E9
5029.13,1.50513E9
5029.51,1.35894E9
5030.22,1.18933E9
5030.52,1.17803E9
5031.12,1.14513E9
5031.95,9.6712E8
5032.78,9.57134E8
5033.08,9.52115E8
5033.38,9.25912E8
5034.1,1.06449E9
5034.4,1.07689E9
5034.7,4.37493E8
5035.0,5.24016E8
5035.38,9.99867E8
5035.68,1.0406E9
5035.98,1.09194E9
5036.47,1.14865E9
5036.77,1.15884E9
5037.07,1.14151E9
5037.79,1.08134E9
5038.09,1.10976E9
5038.39,1.10215E9
5038.76,1.12528E9
5039.14,1.09798E9
5039.44,1.04722E9
5039.74,1.10911E9
5040.68,9.08986E8
5041.06,9.71143E8
5041.89,9.73601E8
5042.19,9.58603E8
5042.49,9.49787E8
5043.09,9.35833E8
5043.39,9.00844E8
5043.7,8.93507E8
5045.09,1.30836E9
5045.8,2.51464E9
5046.1,3.28213E9
5046.4,4.2751E9
5047.0,6.54376E9
5047.3,7.58616E9
5047.6,7.57475E9
5047.97,4.0122E7
5048.27,8.46537E9
5048.57,8.17433E9
5048.87,8.44754E9
5049.24,6.36078E9
5049.54,4.47097E9
5049.84,4.88294E9
5050.14,5.59753E9
5050.44,5.70634E9
5050.74,5.32758E9
5051.04,5.6637E9
5051.34,5.66998E9
5051.63,5.55286E9
5051.93,6.40333E9
5052.23,7.26414E9
5052.53,4.0121E9
5052.83,4.68718E9
5053.13,8.41952E9
5053.43,7.38196E9
5054.1,6.55418E9
5054.4,6.16932E9
5054.7,5.86881E9
5055.71,4.91203E9
5056.01,4.71659E9
5056.34,2.14564E8
5057.72,3.58193E9
5059.05,3.58139E9
5060.21,3.37633E9
5060.52,3.08073E9
5060.81,3.40915E9
5061.38,3.13859E9
5061.68,3.1762E9
5061.98,3.09246E9
5062.28,3.21672E9
5063.22,3.56421E9
5063.52,3.73674E9
5063.82,3.82265E9
5064.75,3.4014E9
5065.05,3.09754E9
5065.35,2.92177E9
5065.65,2.99329E9
5066.25,3.1827E9
5066.55,3.11467E9
5066.85,3.12338E9
5067.67,3.43967E9
5067.97,3.24537E9
5068.27,3.25819E9
5069.53,3.24342E9
5069.83,3.18931E9
5070.13,3.24824E9
5070.73,3.48582E9
5071.03,3.49514E9
5071.32,3.44439E9
5072.03,3.45712E9
5072.33,3.46264E9
5072.63,3.54896E9
5073.45,3.58605E9
5074.13,3.92988E9
5074.43,4.15366E9
5074.73,4.40027E9
5075.22,5.08353E9
5075.52,5.40433E9
5075.82,5.78232E9
5076.11,6.09841E9
5076.6,6.27228E9
5076.98,6.25727E9
5077.27,6.35843E9
5077.57,6.49263E9
5077.87,6.48777E9
5078.17,6.46694E9
5078.55,6.40939E9
5078.84,6.57688E9
5079.14,6.16476E9
5079.44,6.19384E9
5079.74,5.99398E9
5080.04,5.60202E9
5080.34,5.44577E9
5080.64,5.05548E9
5080.94,4.63809E9
5081.24,4.06499E9
5081.54,4.12286E9
5081.84,3.97048E9
5082.21,3.9729E9
5082.66,3.87949E9
5082.96,3.85061E9
5083.26,3.69876E9
5083.56,3.90206E9
5084.05,3.45677E9
5084.5,3.37164E9
5084.87,3.46717E9
5085.17,3.44572E9
5085.47,3.40192E9
5085.89,1.6881E8
5086.27,2.93153E9
5086.57,3.26065E9
5087.73,2.99695E9
5088.29,2.86447E9
5088.67,2.8789E9
5088.97,2.89264E9
5089.27,3.01634E9
5089.64,3.00275E9
5090.13,2.93502E9
5090.95,2.91147E9
5091.25,3.15171E9
5091.74,3.22238E9
5092.11,3.22457E9
5092.6,3.13549E9
5092.98,3.1753E9
5093.28,2.93893E9
5093.88,3.05218E9
5094.18,2.95991E9
5095.0,3.00302E9
5095.3,3.11143E9
5095.6,3.06329E9
5095.9,3.21665E9
5096.39,3.42448E9
5096.87,3.46126E9
5097.17,3.31547E9
5097.47,3.53831E9
5098.07,3.65294E9
5098.37,3.651E9
5098.67,3.90846E9
5098.96,4.14756E9
5099.63,1.08648E8
5100.0,3.09547E9
5100.49,4.06901E9
5100.79,4.29201E9
5101.09,4.22626E9
5101.39,4.17225E9
5102.1,4.03251E9
5102.4,3.87488E9
5102.7,3.82607E9
5103.0,3.74901E9
5103.3,1.62811E9
5103.67,1.71846E9
5103.97,1.71665E9
5104.27,1.69725E9
5104.57,1.83127E9
5104.87,3.00307E9
5105.17,3.06807E9
5105.47,3.09107E9
5106.18,2.79171E9
5106.48,2.70885E9
5106.78,2.63023E9
5107.61,2.33345E9
5107.91,2.19781E9
5108.21,2.11443E9
5108.7,2.09005E9
5109.07,2.06726E9
5109.37,2.0414E9
5110.2,1.90718E9
5110.5,1.87991E9
5110.8,1.84919E9
5111.1,1.83504E9
5111.59,1.84797E9
5111.89,1.79867E9
5112.19,1.77011E9
5113.13,1.65218E9
5113.43,1.62599E9
5113.73,1.60818E9
5114.22,1.5759E9
5114.6,1.60872E9
5114.9,1.57233E9
5115.84,1.51329E9
5116.14,1.45873E9
5116.44,1.4155E9
5117.5,1.41241E9
5117.87,8.82868E8
5118.48,4.06156E8
5118.86,3.35714E8
5119.25,3.5868E8
5119.55,5.06075E8
5119.85,5.9175E8
5120.16,5.30443E8
5120.54,5.28623E8
5120.84,6.52869E8
5121.14,7.38455E8
5121.45,1.03427E9
5122.14,1.1996E9
5122.44,1.14413E9
5122.74,1.10218E9
5123.79,1.15692E9
5124.28,9.09375E8
5124.66,1.06327E9
5125.6,1.0387E9
5125.9,1.117E9
5126.2,9.5986E8
5126.81,1.03323E9
5127.18,1.0726E9
5127.49,1.07418E9
5127.79,1.03041E9
5128.28,1.00295E9
5128.99,1.04988E9
5129.29,1.1137E9
5129.6,1.11761E9
5129.9,1.06428E9
5130.95,9.6979E8
5131.25,9.43723E8
5131.56,9.42651E8
5131.93,9.70698E8
5132.31,9.72403E8
5132.61,9.13756E8
5132.99,8.92799E8
5133.29,2.56363E8
5133.6,4.57943E8
5134.31,3.20354E8
5134.62,3.82467E8
5134.92,3.86202E8
5135.23,4.64068E8
5135.53,6.13016E8
5135.87,7.51637E7
5136.18,3.49659E8
5136.49,3.07273E8
5136.79,4.79347E8
5137.1,8.54375E8
5137.4,8.52055E8
5137.7,8.62995E8
5138.01,8.56112E8
5138.72,9.12279E8
5139.1,8.22384E8
5139.59,8.82164E8
5139.96,8.63683E8
5140.27,8.8211E8
5140.57,8.62454E8
5141.4,9.2029E8
5141.71,9.13455E8
5142.01,9.20308E8
5142.31,9.03745E8
5142.92,9.35651E8
5143.22,9.35475E8
5143.52,9.40388E8
5143.82,9.22979E8
5144.43,9.47051E8
5144.73,8.89996E8
5145.03,8.6554E8
5145.33,9.29802E8
5145.82,9.38722E8
5146.2,9.55694E8
5146.69,9.3364E8
5147.07,9.36364E8
5147.56,9.51729E8
5147.93,9.39858E8
5148.42,9.1357E8
5148.73,9.28059E8
5149.03,9.2381E8
5149.52,8.8592E8
5149.82,8.86387E8
5150.13,9.03997E8
5150.43,8.23878E8
5150.92,8.80172E8
5151.29,9.27911E8
5151.67,8.61591E8
5152.01,1.07849E8
5152.32,1.48577E8
5152.63,1.90509E8
5152.94,2.33685E8
5153.24,3.59156E8
5153.55,5.59855E8
5153.85,8.07811E8
5154.15,8.76633E8
5154.87,8.23678E8
5155.17,7.92836E8
5155.48,7.90193E8
5155.78,8.14878E8
5156.16,8.31942E8
5156.65,8.44612E8
5156.95,7.32896E8
5157.25,7.99836E8
5157.74,8.1248E8
5158.05,7.93155E8
5158.35,8.12387E8
5159.07,7.93305E8
5159.44,8.07944E8
5159.94,8.14023E8
5160.43,8.06073E8
5160.8,8.13888E8
5161.64,7.97266E8
5161.94,8.13648E8
5162.24,8.10913E8
5162.54,7.99993E8
5163.03,8.17369E8
5163.41,7.93675E8
5163.9,8.52046E8
5164.21,8.12664E8
5164.51,8.15011E8
5165.0,8.28643E8
5165.3,7.94546E8
5165.6,7.65075E8
5165.91,8.08369E8
5166.28,8.10465E8
5166.89,8.14972E8
5167.19,8.21361E8
5167.49,8.08408E8
5167.99,7.886E8
5168.29,8.40778E8
5168.59,8.45543E8
5168.89,8.51137E8
5169.38,8.8384E8
5169.87,8.6862E8
5170.25,8.79342E8
5170.74,8.38552E8
5171.23,8.11658E8
5171.72,8.84673E8
5172.02,9.02223E8
5172.33,8.41993E8
5172.7,8.79165E8
5173.08,8.79606E8
5173.46,8.73706E8
5173.76,8.02503E8
5174.37,8.09162E8
5174.67,3.19666E8
5174.98,3.26006E8
5175.36,5.74326E8
5175.73,9.4482E8
5176.04,9.496E8
5176.41,9.17402E8
5176.79,9.09762E8
5177.09,9.07739E8
5177.69,9.39864E8
5178.0,9.16811E8
5178.6,9.12561E8
5178.98,9.24314E8
5179.28,9.24523E8
5179.58,9.18739E8
5180.41,8.87811E8
5180.71,8.91932E8
5181.01,8.95457E8
5181.96,8.63714E8
5182.45,8.95163E8
5182.83,3.09315E8
5183.32,2.97228E8
5183.63,3.39385E8
5183.93,3.86721E8
5184.24,3.29825E8
5184.54,4.21116E8
5184.85,4.38116E8
5185.15,5.88429E8
5185.45,8.28076E8
5186.39,8.31242E8
5186.7,8.18943E8
5187.0,8.37963E8
5187.39,1.74803E8
5187.77,2.62512E8
5188.08,3.28419E8
5188.39,5.00064E8
5188.69,7.79172E8
5188.99,7.81715E8
5189.3,7.90843E8
5190.01,7.97647E8
5190.39,8.14565E8
5190.77,8.00478E8
5191.15,8.18547E8
5191.75,8.18951E8
5192.05,8.60537E8
5192.35,8.43622E8
5193.41,8.42419E8
5193.71,8.24117E8
5194.02,8.09299E8
5194.39,8.26328E8
5195.0,8.04338E8
5195.3,8.09802E8
5195.6,8.30338E8
5195.98,8.32615E8
5196.59,8.3195E8
5196.89,8.5463E8
5197.19,8.62051E8
5198.14,2.55381E8
5198.45,2.62523E8
5198.75,2.50671E8
5199.06,3.25534E8
5199.37,3.81844E8
5199.67,3.83214E8
5199.98,3.56939E8
5200.36,4.99483E8
5200.96,6.45924E8
5201.26,5.57928E8
5201.57,5.62325E8
5201.88,2.16527E8
5202.49,2.07802E8
5202.8,2.71787E8
5203.11,2.45125E8
5203.42,3.0442E8
5203.73,1.56694E8
5204.04,2.96935E8
5204.43,1.92018E8
5204.81,3.82826E8
5205.12,4.61049E8
5205.42,3.33292E8
5205.73,4.00879E8
5206.11,2.7798E8
5206.49,2.8074E8
5206.8,2.78307E8
5207.11,2.82578E8
5207.42,2.90326E8
5207.73,2.79688E8
5208.03,3.07425E8
5208.34,3.50402E8
5208.73,2.17779E8
5209.11,2.6821E8
5209.42,2.67129E8
5209.73,2.95205E8
5210.03,3.14262E8
5210.64,3.05398E8
5210.95,3.61299E8
5211.25,4.13295E8
5212.42,6.9905E8
5212.8,7.98896E8
5214.19,7.84218E8
5215.59,8.19559E8
5216.99,8.37188E8
5218.38,8.33805E8
5219.56,8.63669E8
5219.86,8.59474E8
5220.16,8.70364E8
5221.45,8.28627E8
5221.94,8.34828E8
5223.34,8.3205E8
5224.62,8.65269E8
5224.92,8.44771E8
5225.23,8.39545E8
5226.06,8.56265E8
5226.36,8.32288E8
5226.66,8.55612E8
5228.06,8.07945E8
5229.47,8.20695E8
5229.84,8.04801E8
5231.25,8.29726E8
5232.66,8.04873E8
5234.07,7.93141E8
5235.47,7.99549E8
5236.87,8.2099E8
5238.27,2.30367E8
5239.68,7.79156E8
5241.07,7.89092E8
5242.47,7.44762E8
5243.86,6.64489E8
5245.27,4.93804E8
5246.67,5.57803E8
5248.06,4.78244E8
5249.46,4.10016E8
5250.85,5.02174E8
5252.24,5.20707E8
5253.63,4.50638E8
5255.02,3.28559E8
5256.41,2.61405E8
5257.81,2.09419E8
5259.21,1.9804E8
5260.61,1.84035E8
5262.01,1.54669E8
5263.41,1.41149E8
5264.81,1.28125E8
5265.99,1.10587E8
5266.3,1.09491E8
5266.61,1.07303E8
5268.01,1.08223E8
5268.32,1.04688E8
5268.64,1.03242E8
5269.92,8.54152E7
5270.31,8.85665E7
5271.71,8.49844E7
5273.11,1.05084E8
5274.52,8.12951E7
5275.92,7.90261E7
5277.33,7.84529E7
5278.74,8.07796E7
5280.03,7.39416E7
5281.09,7.67191E7
5281.58,7.58655E7
5282.99,8.06954E7
5284.4,6.9192E7
5285.8,7.05379E7
5287.2,6.35512E7
5288.59,6.71786E7
5290.0,6.52339E7
5291.4,5.38665E7
5291.9,5.56938E7
5293.3,4.72244E7
5294.7,4.6419E7
5295.88,4.86319E7
5296.2,4.89337E7
5296.51,4.57048E7
5297.79,4.87198E7
5298.3,5.04203E7
5299.69,4.86246E7
5300.87,5.36007E7
5301.18,5.01208E7
5301.49,4.84504E7
5302.9,4.80554E7
5304.08,4.25262E7
5304.46,4.28928E7
5305.76,4.15007E7
5306.14,4.28508E7
5306.98,4.07872E7
5307.37,3.94464E7
5308.78,3.85687E7
5309.17,4.11557E7
5310.58,3.48646E7
5311.77,3.8983E7
5312.15,4.05117E7
5313.57,3.58332E7
5314.07,3.61602E7
5315.14,3.35601E7
5315.53,3.20608E7
5316.93,3.78069E7
5317.32,3.70324E7
5318.73,3.4123E7
5319.79,3.27618E7
5320.18,3.43164E7
5321.58,3.40436E7
5321.89,3.51638E7
5322.19,3.5175E7
5323.48,3.64488E7
5323.78,3.86301E7
5324.09,3.45796E7
5324.81,3.63778E7
5325.11,3.45002E7
5325.41,3.21516E7
5326.71,4.83649E7
5327.01,4.71871E7
5327.31,3.67422E7
5328.37,3.32008E7
5328.68,3.31118E7
5328.98,3.66938E7
5330.27,3.01747E7
5330.58,2.71662E7
5330.88,2.62391E7
5331.84,2.8089E7
5332.15,2.50707E7
5332.45,2.66199E7
5333.3,2.28436E7
5333.61,2.16988E7
5333.92,2.42327E7
5335.22,2.07588E7
5335.53,2.64389E7
5335.85,2.3779E7
5336.92,2.20244E7
5337.31,2.33197E7
5338.62,2.31395E7
5338.93,2.30572E7
5339.25,2.02224E7
5339.98,2.2712E7
5340.3,2.01372E7
5340.61,2.29394E7
5341.68,2.43815E7
5341.99,2.36885E7
5342.31,2.32995E7
5343.39,2.30797E7
5343.7,2.33854E7
5344.02,2.40319E7
5344.86,2.46277E7
5345.17,2.67896E7
5345.48,2.52957E7
5345.87,2.54384E7
5346.18,2.63746E7
5347.02,2.74402E7
5347.33,2.55518E7
5347.64,2.72051E7
5348.48,2.80564E7
5348.79,2.47061E7
5349.1,2.60153E7
5350.17,2.80923E7
5350.55,2.68091E7
5350.94,2.86857E7
5351.66,2.49979E7
5351.97,2.75059E7
5352.28,3.03013E7
5353.35,2.52371E7
5353.66,2.54515E7
5353.97,2.83077E7
5354.7,2.71498E7
5355.0,3.51907E7
5355.31,3.18827E7
5356.61,2.93322E7
5356.92,2.77621E7
5357.23,3.06679E7
5357.95,3.4138E7
5358.26,2.9301E7
5358.57,3.26502E7
5359.75,3.0391E7
5360.06,2.82876E7
5360.37,3.25444E7
5361.09,2.87944E7
5361.4,2.64205E7
5361.71,3.21067E7
5362.78,3.09846E7
5363.16,2.86032E7
5364.24,2.27272E7
5364.55,2.38615E7
5364.87,2.64883E7
5365.71,2.93388E7
5366.02,2.7943E7
5366.33,2.83302E7
5367.18,3.1114E7
5367.48,3.12704E7
5367.79,3.32014E7
5368.41,3.20235E7
5368.71,3.3001E7
5369.02,3.56863E7
5369.97,3.44554E7
5370.28,3.46801E7
5370.59,3.74365E7
5371.65,3.44906E7
5371.96,4.02875E7
5372.26,3.61941E7
5373.55,3.72656E7
5373.86,3.66125E7
5374.17,3.77761E7
5375.12,3.40753E7
5375.42,3.82192E7
5375.73,3.71784E7
5376.88,3.77897E7
5377.19,3.76474E7
5377.49,3.49516E7
5378.79,3.67669E7
5379.09,3.47043E7
5379.4,3.73168E7
5380.47,3.53854E7
5380.77,3.57944E7
5381.08,3.69553E7
5382.04,3.45717E7
5382.34,3.58121E7
5382.65,3.66578E7
5383.6,3.20349E7
5383.91,3.03264E7
5384.22,3.36584E7
5385.52,3.27391E7
5385.83,3.24442E7
5386.14,3.07845E7
5386.86,3.30253E7
5387.17,2.79087E7
5387.48,3.0892E7
5388.32,3.29483E7
5388.63,3.82318E7
5388.93,3.7136E7
5390.23,4.53729E7
5390.53,3.97973E7
5390.84,3.94482E7
5391.68,3.77748E7
5391.99,3.69953E7
5392.29,3.98063E7
5393.7,4.11627E7
5394.01,3.93873E7
5394.31,4.7039E7
5395.15,5.65614E7
5395.45,5.85514E7
5395.76,5.06858E7
5396.93,6.36829E7
5397.24,6.27046E7
5397.54,6.26813E7
5397.84,6.12797E7
5399.25,5.21535E7
5399.63,4.91739E7
